uuid,name,doi,doi_dummy,publication_type,publication_type_group,date_issued,year,license,license_short,license_short_group
08ad9510-f5cd-404f-bfc4-0e9e57a5ecdb,Bin it - Design of an absorbent hygiene product waste collection model for informal settlements in South Africa,https://doi.org/10.3929/ethz-b-000594375,Has DOI,Student Paper,Student Paper,2023-01,2023,Creative Commons Attribution 4.0 International,CC BY 4.0,CC BY 4.0
0661cebc-b4c5-4f2d-a891-cda46017ebd7,Solar Water Heater Modeling for Fecal Sludge Pasteurization,,No DOI,Model,Other publication,2024-10-30,2024,No license,No license,No license
7f2e7488-d01e-445b-9bb4-71a78476ffb1,Seasonal Preferences and Alternatives for Domestic Water Sources: A Prospective Cohort Study in Malawi,,No DOI,Journal Article,Scientific Article,2021-06-11,2021,No license,No license,No license
786bf081-a9c2-4a10-8ab8-64d199aa661a,"Effect of Various Organic Fertilisers on Phosphorus Mineralisation, Use Efficiency and Maize Yield",https://doi.org/10.3929/ethz-b-000579154,Has DOI,Journal Article,Scientific Article,2022-10,2022,Creative Commons Attribution 4.0 International,CC BY 4.0,CC BY 4.0
24567971-d4d5-4ede-b4d3-e1dc4c0d7eda,Life cycle assessment of household biogas digesters: A preliminary study on emissions and system interdependencies,https://doi.org/10.3929/ethz-b-000728014,Has DOI,Student Paper,Student Paper,2024-12,2024,In Copyright - Non-Commercial Use Permitted,Copyright,Copyright
1cdc2b2c-10e4-426d-8eef-2a2ec2e147a6,Development of a Monitoring Device for Improved Cookstoves,https://doi.org/10.3929/ethz-b-000685919,Has DOI,Bachelor Thesis,Student Paper,2024,2024,Creative Commons Attribution 4.0 International,CC BY 4.0,CC BY 4.0
2a8383ec-dba7-4579-80af-d67568875458,"Overflowing and underfuelled - The state of municipal solid waste management in Blantyre, Malawi",https://doi.org/10.3929/ethz-b-000683349,Has DOI,Other Publication,Other publication,2024-02,2024,Creative Commons Attribution 4.0 International,CC BY 4.0,CC BY 4.0
2305abe2-f4ff-49ab-9ab4-22f013a5996b,"As South Africa's cities burn: we can clean-up, but we cannot sweep away inequality",https://doi.org/10.3929/ethz-b-000502398,Has DOI,Journal Article,Scientific Article,2021,2021,Creative Commons Attribution-NonCommercial-NoDerivatives 4.0 International,CC BY-NC-ND 4.0,CC BY 4.0
402631b8-b99b-488d-b5d3-78519677720c,A sustainable alternative to traditional building materials: assessing stabilised soil blocks for performance and cost in Malawi,https://doi.org/10.3929/ethz-b-000624203,Has DOI,Journal Article,Scientific Article,2023,2023,Creative Commons Attribution 4.0 International,CC BY 4.0,CC BY 4.0
5454219d-cf60-47e6-8031-e3cba519ac2f,"The Development of a Recycled Plastic Wheel for Cardboard Collector Trollies - Improving the working conditions of informal cardboard recyclers in Durban, South Africa",https://doi.org/10.3929/ethz-b-000586416,Has DOI,Bachelor Thesis,Student Paper,2022-07-01,2022,Creative Commons Attribution 4.0 International,CC BY 4.0,CC BY 4.0
4b1701f1-ea92-4834-85ab-fb5908128063,Humanitarian Sanitation Solution,https://doi.org/10.3929/ethz-b-000619207,Has DOI,Student Paper,Student Paper,2023,2023,In Copyright - Non-Commercial Use Permitted,Copyright,Copyright
5099cb44-12cc-4b1a-a002-837bf7b13da8,Black Carbon Monitor: Feasibility of a Low-Cost Application,https://doi.org/10.3929/ethz-b-000726792,Has DOI,Student Paper,Student Paper,2024-12-23,2024,In Copyright - Non-Commercial Use Permitted,Copyright,Copyright
0b8ee29c-b8a8-4aa1-abfd-095162f3c9cf,"“I have just accepted it”: Hierarchies of Power and Healthcare Waste Management Practices in Blantyre, Malawi",https://doi.org/10.3929/ethz-b-000598010,Has DOI,Student Paper,Student Paper,2023-01-30,2023,In Copyright - Non-Commercial Use Permitted,Copyright,Copyright
07d54da0-5bf3-4d39-87a0-a50cba4aae0b,Optimizing the HDPE recycling process for ArtMalawi,https://doi.org/10.3929/ethz-b-000726504,Has DOI,Master Thesis,Student Paper,2024,2024,Creative Commons Attribution 4.0 International,CC BY 4.0,CC BY 4.0
12d2998d-063b-4ec3-9c03-5e0bb1946677,"""We are from there, that's our land"": contestation, maize, and the problemisation of waste at Blantyre, Malawi's Mzedi dumpsite",https://doi.org/10.3929/ethz-b-000537933,Has DOI,Journal Article,Scientific Article,2022-05,2022,Creative Commons Attribution-NonCommercial-NoDerivatives 4.0 International,CC BY-NC-ND 4.0,CC BY 4.0
0c5e25fd-9161-4280-b277-eeea523cf22c,Tipping aid for loading small trucks on waste collection tours,https://doi.org/10.3929/ethz-b-000646138,Has DOI,Master Thesis,Student Paper,2023,2023,Creative Commons Attribution 4.0 International,CC BY 4.0,CC BY 4.0
a121e061-f409-4d6b-a89e-9687d1496a54,Self-cleaning Preliminary Screening Mechanisms to Improve Health and Wastewater Treatment Efficiency in Low-income Countries,https://doi.org/10.3929/ethz-b-000500152,Has DOI,Bachelor Thesis,Student Paper,2021-06,2021,Creative Commons Attribution-NonCommercial-ShareAlike 4.0 International,CC BY-NC-SA 4.0,CC BY 4.0
a19d248b-216e-4fe6-9fb0-e7487e257d8f,Designing sensor technology for estimating CO2 reductions through the adoption and use of improved cookstoves,https://doi.org/10.3929/ethz-b-000739010,Has DOI,Bachelor Thesis,Student Paper,2025,2025,Creative Commons Attribution 4.0 International,CC BY 4.0,CC BY 4.0
a224de60-3ef1-48fc-9a57-c0620678c0d3,"“My Flight Arrives at 5 am, Can You Pick Me Up?”: The Gatekeeping Burden of the African Academic",https://doi.org/10.3929/ethz-b-000493677,Has DOI,Journal Article,Scientific Article,2021,2021,Creative Commons Attribution-NonCommercial-NoDerivatives 4.0 International,CC BY-NC-ND 4.0,CC BY 4.0
37211b9f-0228-4f50-830a-64e293a32970,"Air quality monitoring from open waste and incinerator burning in Cape Maclear, Malawi",https://doi.org/10.3929/ethz-b-000731404,Has DOI,Master Thesis,Student Paper,2025-04-14,2025,Creative Commons Attribution 4.0 International,CC BY 4.0,CC BY 4.0
3448a9ae-8872-4eee-b2cd-a2867c3068c5,Thermal Analysis and Optimization Potential of Clamp Kilns for Fired Clay Brick Production,https://doi.org/10.3929/ethz-b-000666850,Has DOI,Master Thesis,Student Paper,2023,2023,In Copyright - Non-Commercial Use Permitted,Copyright,Copyright
5ead9712-a4aa-4df6-aac1-bffb9df9c356,"Innovating traditional building materials in Chembe, Malawi: assessing post-consumer waste glass and burnt clay bricks for performance and circularity",https://doi.org/10.3929/ethz-b-000493683,Has DOI,Journal Article,Scientific Article,2021,2021,Creative Commons Attribution-NonCommercial-NoDerivatives 4.0 International,CC BY-NC-ND 4.0,CC BY 4.0
5dd3ca20-646d-4415-be9e-1296f6da75d0,biogasoutcomesmalawi: Data for 61 semi-structured interviews with biogas owners in Malawi,,No DOI,Dataset,Dataset,2023-08-28,2023,No license,No license,No license
5fbfb287-c706-47cf-a798-eda13d45788f,"Process Evaluation of ""The Hygienic Family"" Intervention: A Community-Based Water, Sanitation, and Hygiene Project in Rural Malawi",https://doi.org/10.3929/ethz-b-000553509,Has DOI,Journal Article,Scientific Article,2022-06-01,2022,Creative Commons Attribution 4.0 International,CC BY 4.0,CC BY 4.0
73bd4693-0302-41e4-a005-8df84ae9b1ab,Measuring Effluent Flow in a Biogas Digester: A Practical and Affordable Tipping Bucket Design,https://doi.org/10.3929/ethz-b-000721056,Has DOI,Bachelor Thesis,Student Paper,2025-01,2025,Creative Commons Attribution 4.0 International,CC BY 4.0,CC BY 4.0
7195d751-00f3-452b-8bb7-6ff043cf088b,Developing a turbidity sensor to enhance dewatering of blackwater,https://doi.org/10.3929/ethz-b-000727145,Has DOI,Student Paper,Student Paper,2024-05-28,2024,Creative Commons Attribution 4.0 International,CC BY 4.0,CC BY 4.0
71b6c9af-23e2-46b5-85b1-d18aab71ae0e,"Sludge bomb: The impending sludge emptying and treatment crisis in Blantyre, Malawi",,No DOI,Journal Article,Scientific Article,2021-01,2021,No license,No license,No license
7150aea7-b945-4c9b-985e-83b45a5ebf43,"Suitability of the Modified Bardenpho process for faecal sludge treatment in Kumasi, Ghana",https://doi.org/10.3929/ethz-b-000626839,Has DOI,Master Thesis,Student Paper,2022,2022,In Copyright - Non-Commercial Use Permitted,Copyright,Copyright
722cd282-2586-4a6c-a8d1-1da247806a47,Household practices in accessing drinking water and post collection contamination: A seasonal cohort study in Malawi,,No DOI,Journal Article,Scientific Article,2021-02,2021,No license,No license,No license
82605940-f460-4beb-a894-ce2bfc0111b6,"Absorption Ångström Exponent Values to Identify Light-absorbing Carbonaceous Aerosol Sources in Blantyre, Malawi",https://doi.org/10.3929/ethz-b-000706575,Has DOI,Journal Article,Scientific Article,2024-11,2024,Creative Commons Attribution 4.0 International,CC BY 4.0,CC BY 4.0
805c2038-8b10-4e27-9476-419e6ccfd26c,"Off-Grid Trash Screen Design for a Fecal Sludge Treatment Plant in Blantyre, Malawi",https://doi.org/10.3929/ethz-b-000686944,Has DOI,Bachelor Thesis,Student Paper,2024-06,2024,Creative Commons Attribution 4.0 International,CC BY 4.0,CC BY 4.0
5a92a3e8-77b6-4278-8635-73b954528a3d,"Urine Collection Trolley for Informal Markets in Durban, South Africa",https://doi.org/10.3929/ethz-b-000619021,Has DOI,Student Paper,Student Paper,2023-06,2023,In Copyright - Non-Commercial Use Permitted,Copyright,Copyright
57f700fb-756b-4e3f-88e2-965382c3ff7b,Exploring Injection Molding for the  Development of a Sensor Casings in Biogas  Monitoring System,https://doi.org/10.3929/ethz-b-000726145,Has DOI,Bachelor Thesis,Student Paper,2025,2025,Creative Commons Attribution 4.0 International,CC BY 4.0,CC BY 4.0
53110727-029f-40dd-961d-dbe6dc78435b,"Technical Documentation: Development of a Low-Cost Incinerator in Cape Maclear, Malawi",,No DOI,Other Research Data,Other publication,2024-07-02,2024,No license,No license,No license
ea803905-59d9-4bbf-a6ef-f6122c4ce305,"qechairquality: Air Quality Data at Queen Elizabeth Central Hospital (QECH), Blantyre, Malawi",,No DOI,Dataset,Dataset,2023-04-28,2023,No license,No license,No license
67b2a95d-25fa-4b09-b20c-80702f65e652,"Waste Characterization, Quantification and Composting in Cape Maclear - Malawi",https://doi.org/10.3929/ethz-b-000671026,Has DOI,Master Thesis,Student Paper,2024-05-15,2024,In Copyright - Non-Commercial Use Permitted,Copyright,Copyright
63f9408f-81e5-4d0e-82f2-2fe2e3189e86,"Construction of a Glass Crusher and Evaluation of Waste Valorization Pathways for Cape Maclear, Malawi",https://doi.org/10.3929/ethz-b-000670971,Has DOI,Master Thesis,Student Paper,2024-04-22,2024,Creative Commons Attribution 4.0 International,CC BY 4.0,CC BY 4.0
69a36214-39de-4e41-8db2-c8d45d77e8ad,System Parameter Analysis of a Biogas-Powered Faecal Sludge Pasteuriser,https://doi.org/10.3929/ethz-b-000700639,Has DOI,Bachelor Thesis,Student Paper,2024,2024,Creative Commons Attribution 4.0 International,CC BY 4.0,CC BY 4.0
c011ac20-a0ca-4471-8c36-eec5389078cb,"Willingness to Pay and Economic Feasibility for Waste Management in Cape Maclear, Malawi",https://doi.org/10.3929/ethz-b-000670969,Has DOI,Master Thesis,Student Paper,2024-05-02,2024,Creative Commons Attribution 4.0 International,CC BY 4.0,CC BY 4.0
bc5acd92-1a51-4f4c-9b87-a1a1e895e491,From potential to practice: rethinking Africa’s biogas revolution,https://doi.org/10.3929/ethz-b-000580783,Has DOI,Journal Article,Scientific Article,2022-10-14,2022,Creative Commons Attribution 4.0 International,CC BY 4.0,CC BY 4.0
bb3fa9c7-5380-47e0-8269-e97f5dbcfe57,Is Switzerland spending its climate funds wisely?,,No DOI,Other Publication,Other publication,2023-09-06,2023,No license,No license,No license
1b56be72-0a60-4228-84c4-f39b729f95dc,"""It is unbearable to breathe here"": air quality, open incineration, and misinformation in Blantyre, Malawi",https://doi.org/10.3929/ethz-b-000642070,Has DOI,Journal Article,Scientific Article,2023-10-12,2023,Creative Commons Attribution 4.0 International,CC BY 4.0,CC BY 4.0
1dc5d8c6-6016-408b-9fea-eac996ee369c,"Optimization of solid waste collections in Blantyre, Malawi",https://doi.org/10.3929/ethz-b-000605681,Has DOI,Student Paper,Student Paper,2023-03-29,2023,Creative Commons Attribution 4.0 International,CC BY 4.0,CC BY 4.0
94f3f667-e141-40b3-824e-cf4ac57ce696,Examination of the potential for recycling of absorbent hygiene product waste in South Africa,https://doi.org/10.3929/ethz-b-000725863,Has DOI,Student Paper,Student Paper,2024,2024,Creative Commons Attribution 4.0 International,CC BY 4.0,CC BY 4.0
c278a199-3964-4d6a-b3d1-bf7403ac76b0,Does Poor Mental Health Impair the Effectiveness of Complementary Food Hygiene Behavior Change Intervention in Rural Malawi?,https://doi.org/10.3929/ethz-b-000570888,Has DOI,Journal Article,Scientific Article,2022,2022,Creative Commons Attribution 4.0 International,CC BY 4.0,CC BY 4.0
de566d68-0001-4b78-b1e4-f6ce491609f8,Designing a manual press for blackwater dewatering,https://doi.org/10.3929/ethz-b-000653369,Has DOI,Bachelor Thesis,Student Paper,2023-11-27,2023,Creative Commons Attribution 4.0 International,CC BY 4.0,CC BY 4.0
e6367334-6883-4c7b-8db7-14d7e8041845,The Establishment of an Absorbent Hygiene Product Waste Collection System in Two Informal Settlements in South Africa,https://doi.org/10.3929/ethz-b-000668151,Has DOI,Student Paper,Student Paper,2024-03,2024,Creative Commons Attribution 4.0 International,CC BY 4.0,CC BY 4.0
efa0d349-f5fb-4bb3-8527-c3ffa7be154a,"Research Beyond the Lab, Spring Term 2022, Global Health Engineering, ETH Zurich",,No DOI,Data Collection,Dataset,2022-11-17,2022,No license,No license,No license
efb8d9e7-9838-4ed0-99bd-cd1c0f95ad26,"wasteskipsblantyre: Locations of Public Waste Skips in Blantyre, Malawi",,No DOI,Dataset,Dataset,2023-09-08,2023,No license,No license,No license
00ade485-2690-4ef8-811a-33359ba40a8c,"Waste Logistics and Transport Modelling in Cape Maclear, Malawi",https://doi.org/10.3929/ethz-b-000670970,Has DOI,Master Thesis,Student Paper,2024-05,2024,Creative Commons Attribution 4.0 International,CC BY 4.0,CC BY 4.0
b0143360-8b60-4dd0-9aec-e980d1306f16,Assessment of Decontamination and Reuse of Disposable Filter Funnels Used in Microbiological Water Quality Tests,https://doi.org/10.3929/ethz-b-000493511,Has DOI,Journal Article,Scientific Article,2021-05-28,2021,Creative Commons Attribution-NonCommercial 4.0 International,CC BY-NC 4.0,CC BY 4.0
aebc8666-b968-4626-b070-182f5e94dd69,Psychosocial factors associated with intention to pursue tertiary education among Malawian students: the moderating effect of mental health,https://doi.org/10.3929/ethz-b-000660121,Has DOI,Journal Article,Scientific Article,2024-02-09,2024,Creative Commons Attribution 4.0 International,CC BY 4.0,CC BY 4.0
b3711a61-a987-4aea-98b1-554649098530,Sensing improved cookstoves to estimate CO2 emission reduction,,No DOI,Other Research Data,Other publication,2025-05-19,2025,No license,No license,No license
e43892eb-8d10-4b40-8251-4e3691ea495e,"Design of an HDPE bottle collection and pre-cleaning system for recycling in Blantyre, Malawi",https://doi.org/10.3929/ethz-b-000658745,Has DOI,Master Thesis,Student Paper,2024-01-08,2024,Creative Commons Attribution-NonCommercial 4.0 International,CC BY-NC 4.0,CC BY 4.0
db552661-fc9b-4b4e-94b7-88f4ae4de3b9,"Improving Market Wash Stations Through Creative and Contextual Design in Durban, South Africa",https://doi.org/10.3929/ethz-b-000603034,Has DOI,Bachelor Thesis,Student Paper,2022-12-18,2022,In Copyright - Non-Commercial Use Permitted,Copyright,Copyright
da7e09e6-b512-4da0-a3c4-14fb17a74616,"Blood flows: mapping journeys of menstrual waste in Blantyre, Malawi",https://doi.org/10.3929/ethz-b-000493505,Has DOI,Journal Article,Scientific Article,2022,2022,Creative Commons Attribution 4.0 International,CC BY 4.0,CC BY 4.0
e1ff3929-3468-467f-9662-69dd407755c7,Designing a small-scale screw press for blackwater dewatering,https://doi.org/10.3929/ethz-b-000595559,Has DOI,Student Paper,Student Paper,2023-01,2023,In Copyright - Non-Commercial Use Permitted,Copyright,Copyright
e06c3a59-60be-4ac3-bce2-41b72d823420,Barriers to Waste Management Services Integration for Ethiopian and Eritrean Migrants within the City of Zürich,https://doi.org/10.3929/ethz-b-000637808,Has DOI,Working Paper,Other publication,2023-10,2023,Creative Commons Attribution 4.0 International,CC BY 4.0,CC BY 4.0
fa1b5d81-2534-4ef0-a7fb-78c1ee3821c5,"""You need to dispose of them somewhere safe"": Covid-19, masks, and the pit latrine in Malawi and South Africa",https://doi.org/10.3929/ethz-b-000535018,Has DOI,Journal Article,Scientific Article,2022-02-22,2022,Creative Commons Attribution 4.0 International,CC BY 4.0,CC BY 4.0
fa70ed8d-f821-4662-b54b-622ab2acfd2b,Low-cost compost screening technology to improve trash separation,https://doi.org/10.3929/ethz-b-000585004,Has DOI,Bachelor Thesis,Student Paper,2022,2022,Creative Commons Attribution 4.0 International,CC BY 4.0,CC BY 4.0
17168d1e-8cce-4886-875f-a934272ccd70,"Technical Documentation: Low-Cost Glass Crusher for Cape Maclear, Malawi: Design, Maintenance, Operation, and Results",,No DOI,Other Research Data,Other publication,2024-05-23,2024,No license,No license,No license
10e599fd-f5b8-43e3-af0c-395b4d689f25,Volumetric flow meter development for household scale biogas reactors,https://doi.org/10.3929/ethz-b-000736181,Has DOI,Student Paper,Student Paper,2024-07,2024,Creative Commons Attribution-NonCommercial 4.0 International,CC BY-NC 4.0,CC BY 4.0
d34addb5-4ed5-44b9-aef6-36b5409a7215,"Conceptualising Reuse in African Households: Perspectives from Chembe, Malawi",https://doi.org/10.3929/ethz-b-000515462,Has DOI,Journal Article,Scientific Article,2022,2022,Creative Commons Attribution 4.0 International,CC BY 4.0,CC BY 4.0
476b41a5-4681-474c-9350-70456325bfb3,"Feasibility of Waste Maize Husk Valorization as a Plastic Plate Replacement in Durban, South Africa",https://doi.org/10.3929/ethz-b-000582371,Has DOI,Bachelor Thesis,Student Paper,2022-10-14,2022,Creative Commons Attribution 4.0 International,CC BY 4.0,CC BY 4.0
2e4d8b72-b9eb-44cd-8183-2df25c1709d1,"Evaluating the potential of Extended Producer Responsibility returns for a small local waste collection company through a brand audit of riverine plastic waste in Durban, South Africa",https://doi.org/10.3929/ethz-b-000725312,Has DOI,Master Thesis,Student Paper,2023,2023,In Copyright - Non-Commercial Use Permitted,Copyright,Copyright
26c26167-62c6-4d08-b0e2-9ccc569828ba,"Advancements in and Integration of Water, Sanitation, and Solid Waste for Low- and Middle-Income Countries",https://doi.org/10.3929/ethz-b-000493527,Has DOI,Review Article,Scientific Article,2021-10,2021,Creative Commons Attribution 4.0 International,CC BY 4.0,CC BY 4.0
289c935d-85c8-47e0-aaa5-e86aef49e3e6,Consumption: the missing link towards phosphorus security,,No DOI,Book Chapter,Scientific Article,2022,2022,No license,No license,No license
29350107-2b2e-489f-a7ce-ace2efdbd121,Psychosocial factors associated with intention to pursue tertiary education among Malawian students: The moderating effect of mental health,https://doi.org/10.3929/ethz-b-000585694,Has DOI,Conference Poster,Other publication,2022-09-08,2022,In Copyright - Non-Commercial Use Permitted,Copyright,Copyright
11baf63e-91a3-467c-aba1-d432b89cf114,durbanplasticwaste: Durban (South Africa) Plastic Waste Data,,No DOI,Dataset,Dataset,2023-04-28,2023,No license,No license,No license
889167df-608f-4cdb-a5ca-1e73ac0805dd,"Urine-Diverting Dry Toilet Design, Manifacturing, and Performance Testing of Earth Concrete",https://doi.org/10.3929/ethz-b-000739725,Has DOI,Master Thesis,Student Paper,2025,2025,Creative Commons Attribution 4.0 International,CC BY 4.0,CC BY 4.0
87b2db5f-d46b-48e9-b166-9fc6b2eb8548,"""The rich will always be able to dispose of their waste"": a view from the frontlines of municipal failure in Makhanda, South Africa",https://doi.org/10.3929/ethz-b-000616728,Has DOI,Journal Article,Scientific Article,2024-07,2024,Creative Commons Attribution 4.0 International,CC BY 4.0,CC BY 4.0
8975ca6c-a7c6-4edb-8d9b-e6470b478786,Guidelines for Low-Cost Incineration Systems,https://doi.org/10.3929/ethz-b-000683821,Has DOI,Student Paper,Student Paper,2024,2024,Creative Commons Attribution 4.0 International,CC BY 4.0,CC BY 4.0
3db0768b-299f-4ad0-8a19-d2dec596abef,Design and Validation of a Thermal Disinfection Unit for Wastewater using Biogas in Humanitarian Crisis Situations,https://doi.org/10.3929/ethz-b-000603416,Has DOI,Student Paper,Student Paper,2022,2022,Creative Commons Attribution 4.0 International,CC BY 4.0,CC BY 4.0
3dbdf159-0ae2-45e6-9065-4bc701e44ff3,Microbial community function and bacterial pathogen composition in pit latrines in peri-urban Malawi,https://doi.org/10.3929/ethz-b-000651611,Has DOI,Journal Article,Scientific Article,2023,2023,Creative Commons Attribution 4.0 International,CC BY 4.0,CC BY 4.0
45cfede4-6c1f-434c-bb9a-cf2b61514e4c,Phosphorus flow analysis for Malawi: Identifying potential sources of renewable phosphorus recovery,https://doi.org/10.3929/ethz-b-000491553,Has DOI,Journal Article,Scientific Article,2021-10,2021,Creative Commons Attribution 4.0 International,CC BY 4.0,CC BY 4.0
3e90996b-a2d2-43dc-9b57-6f270759d074,Detection of Contamination in Biowaste,https://doi.org/10.3929/ethz-b-000650492,Has DOI,Master Thesis,Student Paper,2024-01-05,2024,Creative Commons Attribution 4.0 International,CC BY 4.0,CC BY 4.0
6fc41cfd-d57f-452f-93ab-cbd62f439945,Evaluating self-reported measures and alternatives to monitor access to drinking water: A case study in Malawi,,No DOI,Journal Article,Scientific Article,2021-01-01,2021,No license,No license,No license
6e76e170-3019-4cfc-b0b0-af83aebbca1e,“Everything continued as normal”: What happened to Africa’s wave of Covid-19 waste?,,No DOI,Journal Article,Scientific Article,2021-02-01,2021,No license,No license,No license
6d48fb25-b8e8-4aae-b0b6-0ecaac021752,Effect of fruit and vegetable waste on anaerobic digestion using faecal sludge as primary feedstock,https://doi.org/10.3929/ethz-b-000587768,Has DOI,Master Thesis,Student Paper,2022,2022,In Copyright - Non-Commercial Use Permitted,Copyright,Copyright
703928a7-3e18-43ba-a235-dd712b4e5e26,The Cost of Plastics in Compost,https://doi.org/10.3929/ethz-b-000529439,Has DOI,Journal Article,Scientific Article,2021-11,2021,Creative Commons Attribution 4.0 International,CC BY 4.0,CC BY 4.0
aaec84bb-f22c-47f3-8c34-0b06d9b45d76,"Technical Documentation: Design of an HDPE bottle collection and pre-cleaning system for recycling in Blantyre, Malawi",,No DOI,Other Research Data,Other publication,2024-04-09,2024,No license,No license,No license
a596fbe1-6cc4-45c3-9264-5040c42be141,Community-wide Waste Management System for Cape Maclear,https://doi.org/10.3929/ethz-b-000695292,Has DOI,Report,Other publication,2024-09-20,2024,Creative Commons Attribution 4.0 International,CC BY 4.0,CC BY 4.0
ab360f7a-7462-450b-9a69-1d2674e4f692,Design and Optimization of a Biogas Burner,https://doi.org/10.3929/ethz-b-000729925,Has DOI,Student Paper,Student Paper,2025-04,2025,Creative Commons Attribution 4.0 International,CC BY 4.0,CC BY 4.0
a8eaab0d-f98c-4520-8ac1-1f1e503b2171,"Pit emptying subsidy vouchers: a two-phased targeting and structuring experiment in Blantyre, Malawi",https://doi.org/10.3929/ethz-b-000513621,Has DOI,Journal Article,Scientific Article,2021,2021,Creative Commons Attribution 4.0 International,CC BY 4.0,CC BY 4.0
9cc98b6a-9e90-4ebe-930d-190177a4a419,Expanding horizons: The pedagogical benefits of museum visits for engineering students,https://doi.org/10.3929/ethz-b-000738003,Has DOI,Journal Article,Scientific Article,2025-05-26,2025,Creative Commons Attribution-NonCommercial-NoDerivatives 4.0 International,CC BY-NC-ND 4.0,CC BY 4.0
9b6fa712-8963-4214-8964-5adb2ee3f833,Microcontroller Based Particulate Matter Monitors Utilising the Alphasense OPC-N3,https://doi.org/10.3929/ethz-b-000681057,Has DOI,Bachelor Thesis,Student Paper,2023-12,2023,Creative Commons Attribution 4.0 International,CC BY 4.0,CC BY 4.0
9b21ff8a-dccf-4ec4-830c-7fda5c19024c,Energy production of Black Soldier Fly Larvae: Measuring the temperature increase in air induced by Black Soldier Flies throughout their larval stages,https://doi.org/10.3929/ethz-b-000583323,Has DOI,Student Paper,Student Paper,2022-03,2022,In Copyright - Non-Commercial Use Permitted,Copyright,Copyright
c42611e5-1104-4c8a-9e63-1f206d76f5a4,“Where does it go?”: Perceptions and problems of riverine and marine litter amongst South Africa and Malawi’s urban poor,https://doi.org/10.3929/ethz-b-000541554,Has DOI,Journal Article,Scientific Article,2022-03-07,2022,Creative Commons Attribution 4.0 International,CC BY 4.0,CC BY 4.0
c5602fc8-2a30-4ca7-83bf-477d39c2fe2b,Solar Pasteurisation for Anaerobic Digestion Sludge,https://doi.org/10.3929/ethz-b-000700054,Has DOI,Master Thesis,Student Paper,2024-10-01,2024,Creative Commons Attribution 4.0 International,CC BY 4.0,CC BY 4.0
c5abbe75-0a2c-432f-b36f-e19b23d4c2b0,Transforming Waste into Value: A Study on PET Recycling for Insulation Solutions in Malawi,https://doi.org/10.3929/ethz-b-000730636,Has DOI,Master Thesis,Student Paper,2025-03-31,2025,Creative Commons Attribution 4.0 International,CC BY 4.0,CC BY 4.0
c3228596-df03-41af-b43c-59bcc35a2c36,"Becoming 'Swiss': waste management integration among Ethiopian and Eritrean migrants in Zürich, Switzerland",https://doi.org/10.3929/ethz-b-000690810,Has DOI,Journal Article,Scientific Article,2024-08-05,2024,Creative Commons Attribution 4.0 International,CC BY 4.0,CC BY 4.0
c1abe288-ec08-425f-8021-cd30f78eb868,"Poverty, politics and plastic: Organic waste sorting in Blantyre's public markets",https://doi.org/10.3929/ethz-b-000492085,Has DOI,Journal Article,Scientific Article,2021-09,2021,Creative Commons Attribution-NonCommercial-NoDerivatives 4.0 International,CC BY-NC-ND 4.0,CC BY 4.0
ba1cec12-e0c4-439c-a0aa-f3b8544c552e,"Optimizing Municipal Solid Waste Management in Blantyre, Malawi using Mixed-Integer Linear Programming",https://doi.org/10.3929/ethz-b-000694404,Has DOI,Bachelor Thesis,Student Paper,2024,2024,Creative Commons Attribution 4.0 International,CC BY 4.0,CC BY 4.0
d15b8003-90ee-44a4-a748-97362b984c6a,Impact of sampling depth on pathogen detection in pit latrines,https://doi.org/10.3929/ethz-b-000493678,Has DOI,Journal Article,Scientific Article,2021-03-02,2021,Creative Commons Attribution 4.0 International,CC BY 4.0,CC BY 4.0
d15fb226-6803-453d-b1f3-5bccd9687063,Investigating the Optimization Potential of Brick Clamps in Malawi,https://doi.org/10.3929/ethz-b-000580955,Has DOI,Student Paper,Student Paper,2022,2022,Creative Commons Attribution 4.0 International,CC BY 4.0,CC BY 4.0
d06a6b15-428e-411e-9c2e-e59c62ca71b1,Experimental Optimization of a Peristaltic Pump Prototype for Pit-Emptying,https://doi.org/10.3929/ethz-b-000662241,Has DOI,Bachelor Thesis,Student Paper,2024-02,2024,In Copyright - Non-Commercial Use Permitted,Copyright,Copyright
d0c6af2e-64b8-4d23-88bc-1f7ff6f4cc27,From failure to fairness: A call for accountability within household biogas development,https://doi.org/10.3929/ethz-b-000678505,Has DOI,Journal Article,Scientific Article,2024-09,2024,Creative Commons Attribution 4.0 International,CC BY 4.0,CC BY 4.0
d22e5787-9de7-4f16-8e86-a18fd0877111,"Development of a Low-Cost Incinerator in Cape Maclear, Malawi",https://doi.org/10.3929/ethz-b-000670633,Has DOI,Master Thesis,Student Paper,2024-04,2024,Creative Commons Attribution 4.0 International,CC BY 4.0,CC BY 4.0
ec9f72c4-aedb-45ad-ac1a-ed92a4c7eee1,Inclusion of Malawian Youth in Higher Education,https://doi.org/10.3929/ethz-b-000585695,Has DOI,Report,Other publication,2022-05-18,2022,Creative Commons Attribution 4.0 International,CC BY 4.0,CC BY 4.0
ec94f0e8-6592-46bd-8bdb-912b53feb0d7,Financial and operational sustainability of a gravity-fed rural piped water supply system in Malawi,https://doi.org/10.3929/ethz-b-000501722,Has DOI,Journal Article,Scientific Article,2021-11-01,2021,Creative Commons Attribution 4.0 International,CC BY 4.0,CC BY 4.0
e6b5c389-8960-4a69-a826-ee04924db8b8,Evaluation of the waste management system at the Züri Fäscht,https://doi.org/10.3929/ethz-b-000654001,Has DOI,Bachelor Thesis,Student Paper,2023,2023,Creative Commons Attribution 4.0 International,CC BY 4.0,CC BY 4.0
e6a591f5-0a52-4612-b7a4-8b44756a0fe6,"bcsa: Data for source-apportionment of light absorbing carbon in Blantyre, Malawi",,No DOI,Dataset,Dataset,2024-03-26,2024,No license,No license,No license
ddfa6070-6bed-4d26-a0da-4c167226024f,Data Logger for Remote Monitoring of Biogas,,No DOI,Other Research Data,Other publication,2024-07-05,2024,No license,No license,No license
ddb798d6-95ef-4ad7-9b44-72b60324cadd,Plastic separation - A review,https://doi.org/10.3929/ethz-b-000732181,Has DOI,Report,Other publication,2025-04-04,2025,Creative Commons Attribution 4.0 International,CC BY 4.0,CC BY 4.0
5449d41a-8442-4442-8051-7b45432976d7,"Design, Numerical Optimization and Implementation of a Sludge Pasteurization System",https://doi.org/10.3929/ethz-c-000784706,Has DOI,Master Thesis,Student Paper,2025-10-13,2025,Creative Commons Attribution 4.0 International,CC BY 4.0,CC BY 4.0
01911050-b36d-4173-98bd-6af9d5a12b12,Light absorbing carbonaceous aerosols: Concentrations and sources in an under-monitored setting,https://doi.org/10.3929/ethz-b-000743680,Has DOI,Journal Article,Scientific Article,2025-09-01,2025,Creative Commons Attribution 4.0 International,CC BY 4.0,CC BY 4.0
b20d5031-3a19-4466-8174-219b1bdc3f0e,Open waste burning leads to significantly high black carbon exposure amongst burners,https://doi.org/10.3929/ethz-c-000787139,Has DOI,Other Conference Item,Other publication,2025-03-14,2025,Creative Commons Attribution 4.0 International,CC BY 4.0,CC BY 4.0
deab6783-4506-4294-ba62-4bad241bb89f,"Not just a donor learning experience: Exploring failure, accountability, and harm within a large aid funded biogas project in Malawi",https://doi.org/10.3929/ethz-c-000782760,Has DOI,Journal Article,Scientific Article,2025-09,2025,Creative Commons Attribution 4.0 International,CC BY 4.0,CC BY 4.0
dc2315c1-a559-443d-90c8-1f5be8e281b5,Reducing water quality data inequities: A low-cost to a membrane filtration technique for the quantification of Escherichia coli in drinking water in low-resource contexts,https://doi.org/10.3929/ethz-b-000739240,Has DOI,Journal Article,Scientific Article,2025-05-27,2025,Creative Commons Attribution 4.0 International,CC BY 4.0,CC BY 4.0
4d4f6b03-e251-4bac-93a0-72edc188c642,Development of a Remote Communications Infrastructure for an Off-Grid Energy System,https://doi.org/10.3929/ethz-c-000784291,Has DOI,Master Thesis,Student Paper,2025-09-19,2025,Creative Commons Attribution 4.0 International,CC BY 4.0,CC BY 4.0
9e7dd027-07b2-44a5-8a48-f96c42b5ee5d,Design and Construction of a Black Soldierfly Larvae  Counting Machine,https://doi.org/10.3929/ethz-c-000784790,Has DOI,Master Thesis,Student Paper,2025-10-06,2025,In Copyright - Non-Commercial Use Permitted,Copyright,Copyright
9a3d6f97-803e-4eec-b854-7126935594f6,Development and testing of new load control schemes for an electrical load cabinet for small health posts,https://doi.org/10.3929/ethz-c-000783149,Has DOI,Master Thesis,Student Paper,2025-08,2025,Creative Commons Attribution 4.0 International,CC BY 4.0,CC BY 4.0
667e314a-52a8-4cbb-b2f6-89b79abb0b6b,"Willingness to pay for and economic feasibility of solid waste management in Cape Maclear, Malawi",https://doi.org/10.3929/ethz-c-000783339,Has DOI,Journal Article,Scientific Article,2025-09,2025,Creative Commons Attribution 4.0 International,CC BY 4.0,CC BY 4.0
ebace69a-169c-4eec-a3a4-57ba5d3e07b6,"Glass Tumbling for Safe Waste Glass Disposal in Cape Maclear, Malawi",https://doi.org/10.3929/ethz-c-000784777,Has DOI,Master Thesis,Student Paper,2025-08-22,2025,Creative Commons Attribution 4.0 International,CC BY 4.0,CC BY 4.0
62db6140-33c8-46ba-acbc-4132ef33fbe8,Development of Pediatric Intravenous Flow Rate Monitor for Humanitarian Settings,https://doi.org/10.3929/ethz-c-000782953,Has DOI,Bachelor Thesis,Student Paper,2025-08-15,2025,In Copyright - Non-Commercial Use Permitted,Copyright,Copyright
cf900cc2-df5a-4fde-b41d-57bbb42efd53,Overcoming Barriers to Exclusive Breastfeeding in Lao PDR: Social Transfer Intervention Randomised Controlled Trial,https://doi.org/10.3929/ethz-c-000786827,Has DOI,Journal Article,Scientific Article,2025-08-01,2025,Creative Commons Attribution 4.0 International,CC BY 4.0,CC BY 4.0
b03b54b9-7f1a-4b5b-9174-5ea18cd1c5f9,Land use in the Seychelles – Rethinking the Sustainability of Tourism,https://doi.org/10.3929/ethz-b-000662823,Has DOI,Report,Other publication,2024,2024,In Copyright - Non-Commercial Use Permitted,Copyright,Copyright
3d152325-6ab1-400e-9f37-a366d3dab7f8,Land use in the Seychelles – Rethinking the Sustainability of Tourism: Appendix,https://doi.org/10.3929/ethz-b-000663772,Has DOI,Report,Other publication,2024,2024,In Copyright - Non-Commercial Use Permitted,Copyright,Copyright
43383fb9-15a5-4129-921d-345ff87a2e09,Andere Wege für das Abwasser,,No DOI,Journal Article,Scientific Article,2023,2023,No license,No license,No license
