"name","description","owner","is_private","url","updated_at","created_at","license","primary_language","homepage_url","is_fork","created_year","license_dummy","primary_language_ext","primary_language_ext2","homepage_url_dummy","publication_type"
"grant-parser",NA,"Global-Health-Engineering","Public","https://github.com/Global-Health-Engineering/grant-parser","2025-11-09","2024-10-31",NA,"Python","https://global-health-engineering.github.io/grant-parser/",FALSE,2024,TRUE,"Python","Python","Homepage","Code"
"ghe_transcribe","A Tool to Transcribe Audio Files with Speaker Diarization","Global-Health-Engineering","Public","https://github.com/Global-Health-Engineering/ghe_transcribe","2025-11-06","2025-03-26","MIT License","Python","https://renkulab.io/p/nmassari/ghe-transcribe/sessions/01K7KK30KS1CS1ZW45MZCKR6TD/start?HF_HUB_DISABLE_TELEMETRY=1&HF_HUB_DISABLE_PROGRESS_BARS=1",FALSE,2025,FALSE,"Python","Python","Homepage","Code"
"website","Open Science website of the Global Health Engineering group at ETH Zurich.","Global-Health-Engineering","Public","https://github.com/Global-Health-Engineering/website","2025-11-04","2023-02-27","Creative Commons Attribution 4.0 International","JavaScript","https://ghe-open.ch",FALSE,2023,FALSE,"JavaScript","Other language","Homepage","Code"
"plastic-scanner",NA,"Global-Health-Engineering","Public","https://github.com/Global-Health-Engineering/plastic-scanner","2025-10-30","2025-10-30",NA,NA,NA,FALSE,2025,TRUE,"No primary language","No primary language","No homepage","Code"
"dataset_extraction_tools","Extract datasets from documents pipeline: Document → Markdown → Structured Data with Evidence","Global-Health-Engineering","Public","https://github.com/Global-Health-Engineering/dataset_extraction_tools","2025-10-30","2025-09-04","MIT License","Python",NA,FALSE,2025,FALSE,"Python","Python","No homepage","Code"
"solar-pasteurizer-v3",NA,"Global-Health-Engineering","Public","https://github.com/Global-Health-Engineering/solar-pasteurizer-v3","2025-10-14","2025-09-18","Creative Commons Attribution 4.0 International","Python",NA,FALSE,2025,FALSE,"Python","Python","No homepage","Code"
"remote-comm-solar",NA,"Global-Health-Engineering","Public","https://github.com/Global-Health-Engineering/remote-comm-solar","2025-10-06","2025-09-09","Apache License 2.0","C++",NA,FALSE,2025,FALSE,"C++","Other language","No homepage","Code"
"ghedata","The goal of ghedata is to share data resources that document the work of the Global Health Engineering group at ETH Zurich.","Global-Health-Engineering","Public","https://github.com/Global-Health-Engineering/ghedata","2025-10-02","2024-11-16","Creative Commons Attribution 4.0 International","R","https://global-health-engineering.github.io/ghedata/",FALSE,2024,FALSE,"R","R","Homepage","Code"
"man-ghedata",NA,"Global-Health-Engineering","Public","https://github.com/Global-Health-Engineering/man-ghedata","2025-10-02","2025-07-22",NA,"R",NA,FALSE,2025,TRUE,"R","R","No homepage","Code"
"brown-bag",NA,"Global-Health-Engineering","Public","https://github.com/Global-Health-Engineering/brown-bag","2025-09-26","2024-07-11",NA,"JavaScript","https://global-health-engineering.github.io/brown-bag/",FALSE,2024,TRUE,"JavaScript","Other language","Homepage","Code"
"rfid-controlled-charging",NA,"Global-Health-Engineering","Public","https://github.com/Global-Health-Engineering/rfid-controlled-charging","2025-09-14","2025-09-10","Creative Commons Attribution 4.0 International","Python",NA,FALSE,2025,FALSE,"Python","Python","No homepage","Code"
"rc-metadata-dashboard","Streamlit dashboard for visualizing Research Collection download and view statistics","Global-Health-Engineering","Public","https://github.com/Global-Health-Engineering/rc-metadata-dashboard","2025-09-10","2025-08-25",NA,"Python",NA,FALSE,2025,TRUE,"Python","Python","No homepage","Code"
"bidirectional-charger",NA,"Global-Health-Engineering","Public","https://github.com/Global-Health-Engineering/bidirectional-charger","2025-09-04","2025-08-26",NA,"C",NA,FALSE,2025,TRUE,"C","Other language","No homepage","Code"
"ghedatapublishing",NA,"Global-Health-Engineering","Public","https://github.com/Global-Health-Engineering/ghedatapublishing","2025-08-26","2024-09-16",NA,"HTML","https://global-health-engineering.github.io/ghedatapublishing/",FALSE,2024,TRUE,"HTML","Other language","Homepage","Code"
"load-control-health-facilities",NA,"Global-Health-Engineering","Public","https://github.com/Global-Health-Engineering/load-control-health-facilities","2025-08-26","2025-08-26",NA,"Jupyter Notebook",NA,FALSE,2025,TRUE,"Python","Python","No homepage","Code"
"group-safety","Safety concept for Global Health Engineering","Global-Health-Engineering","Public","https://github.com/Global-Health-Engineering/group-safety","2025-08-21","2023-11-14","Creative Commons Attribution 4.0 International","JavaScript","https://global-health-engineering.github.io/group-safety/",FALSE,2023,FALSE,"JavaScript","Other language","Homepage","Code"
"iv-flow-monitor","Development of a pediatric IV flow rate monitor (“Dripito”) for use in low-resource humanitarian settings. Includes firmware, hardware schematics, altium design files.","Global-Health-Engineering","Public","https://github.com/Global-Health-Engineering/iv-flow-monitor","2025-09-24","2025-06-24",NA,"C",NA,FALSE,2025,TRUE,"C","Other language","No homepage","Code"
"recycling-network-optimization",NA,"Global-Health-Engineering","Public","https://github.com/Global-Health-Engineering/recycling-network-optimization","2025-08-09","2025-04-25","MIT License","Python",NA,FALSE,2025,FALSE,"Python","Python","No homepage","Code"
"ethord","ETH Board Open Research Data (ORD) Program Project Metadata and Report Data","Global-Health-Engineering","Public","https://github.com/Global-Health-Engineering/ethord","2025-09-10","2025-05-09","Creative Commons Attribution 4.0 International","JavaScript","https://global-health-engineering.github.io/ethord/",FALSE,2025,FALSE,"JavaScript","Other language","Homepage","Code"
"prop-leading-house-africa-2025",NA,"Global-Health-Engineering","Public","https://github.com/Global-Health-Engineering/prop-leading-house-africa-2025","2025-07-22","2025-07-22",NA,NA,NA,FALSE,2025,TRUE,"No primary language","No primary language","No homepage","Code"
"blog-beyond-citations",NA,"Global-Health-Engineering","Public","https://github.com/Global-Health-Engineering/blog-beyond-citations","2025-07-07","2025-07-07","Creative Commons Attribution 4.0 International","HTML",NA,FALSE,2025,FALSE,"HTML","Other language","No homepage","Code"
".github",NA,"Global-Health-Engineering","Public","https://github.com/Global-Health-Engineering/.github","2025-07-02","2025-07-02",NA,NA,NA,FALSE,2025,TRUE,"No primary language","No primary language","No homepage","Code"
"sitting-UDDT",NA,"Global-Health-Engineering","Public","https://github.com/Global-Health-Engineering/sitting-UDDT","2025-06-16","2025-05-16","Creative Commons Attribution 4.0 International",NA,NA,FALSE,2025,FALSE,"No primary language","No primary language","No homepage","Code"
"injection-molding-with-resin-molds",NA,"Global-Health-Engineering","Public","https://github.com/Global-Health-Engineering/injection-molding-with-resin-molds","2025-06-01","2025-04-09","Creative Commons Attribution 4.0 International",NA,NA,FALSE,2025,FALSE,"No primary language","No primary language","No homepage","Code"
"gendict","A package to generate tidy descscriptions for variables in a dataset.","Global-Health-Engineering","Public","https://github.com/Global-Health-Engineering/gendict","2025-10-30","2025-05-12",NA,"Python",NA,FALSE,2025,TRUE,"Python","Python","No homepage","Code"
"blablador","A python package for API access to https://helmholtz-blablador.fz-juelich.de/.","Global-Health-Engineering","Public","https://github.com/Global-Health-Engineering/blablador","2025-10-30","2025-05-27",NA,"Python",NA,FALSE,2025,TRUE,"Python","Python","No homepage","Code"
"whisperXapp",NA,"Global-Health-Engineering","Public","https://github.com/Global-Health-Engineering/whisperXapp","2025-10-30","2025-05-21",NA,"Python",NA,FALSE,2025,TRUE,"Python","Python","No homepage","Code"
"solar-pasteurizer-v2",NA,"Global-Health-Engineering","Public","https://github.com/Global-Health-Engineering/solar-pasteurizer-v2","2025-09-18","2025-04-14","Creative Commons Attribution 4.0 International",NA,NA,FALSE,2025,FALSE,"No primary language","No primary language","No homepage","Code"
"incinerate-with-hx",NA,"Global-Health-Engineering","Public","https://github.com/Global-Health-Engineering/incinerate-with-hx","2025-04-15","2025-04-08","Creative Commons Attribution 4.0 International","SCSS","https://global-health-engineering.github.io/incinerate-with-hx/",FALSE,2025,FALSE,"SCSS","Other language","Homepage","Code"
"cookstove-sensing",NA,"Global-Health-Engineering","Public","https://github.com/Global-Health-Engineering/cookstove-sensing","2025-03-14","2025-01-29","Creative Commons Attribution 4.0 International","Python",NA,FALSE,2025,FALSE,"Python","Python","No homepage","Code"
"student-dir-template",NA,"Global-Health-Engineering","Public","https://github.com/Global-Health-Engineering/student-dir-template","2025-03-06","2024-02-02","Creative Commons Attribution 4.0 International",NA,NA,FALSE,2024,FALSE,"No primary language","No primary language","No homepage","Template"
"mwfertiliserpilot","Data from fertilizer management survey pilot in Ntonda EPA, Malawi.","Global-Health-Engineering","Public","https://github.com/Global-Health-Engineering/mwfertiliserpilot","2025-03-04","2024-08-06","Creative Commons Attribution 4.0 International","R",NA,FALSE,2024,FALSE,"R","R","No homepage","Code"
"wtp-waste-cape-maclear",NA,"Global-Health-Engineering","Public","https://github.com/Global-Health-Engineering/wtp-waste-cape-maclear","2025-02-04","2024-06-28","Creative Commons Attribution 4.0 International","Stata",NA,FALSE,2024,FALSE,"Stata","Other language","No homepage","Code"
"grasp",NA,"Global-Health-Engineering","Public","https://github.com/Global-Health-Engineering/grasp","2024-12-30","2024-10-29","Creative Commons Attribution 4.0 International","Python",NA,FALSE,2024,FALSE,"Python","Python","No homepage","Code"
"waste-soil-composting-cape-maclear","This dataset contains information on waste characterization and quantification, current soil conditions, and agricultural practices of farmers from Cape Maclear, Malawi.","Global-Health-Engineering","Public","https://github.com/Global-Health-Engineering/waste-soil-composting-cape-maclear","2024-11-15","2024-05-22","Creative Commons Attribution 4.0 International",NA,NA,FALSE,2024,FALSE,"No primary language","No primary language","No homepage","Code"
"solar-pasteurizer-v1",NA,"Global-Health-Engineering","Public","https://github.com/Global-Health-Engineering/solar-pasteurizer-v1","2024-10-29","2024-10-09","Creative Commons Attribution 4.0 International","Jupyter Notebook",NA,FALSE,2024,FALSE,"Python","Python","No homepage","Code"
"biogas-powered-pasteurizer-modeling",NA,"Global-Health-Engineering","Public","https://github.com/Global-Health-Engineering/biogas-powered-pasteurizer-modeling","2025-09-23","2024-09-17","Creative Commons Attribution 4.0 International","MATLAB",NA,FALSE,2024,FALSE,"MATLAB","Other language","No homepage","Code"
"arduino-opc-portable-and-sationary",NA,"Global-Health-Engineering","Public","https://github.com/Global-Health-Engineering/arduino-opc-portable-and-sationary","2024-09-18","2023-12-20","Creative Commons Attribution 4.0 International","C++",NA,FALSE,2023,FALSE,"C++","Other language","No homepage","Code"
"biogas-meter",NA,"Global-Health-Engineering","Public","https://github.com/Global-Health-Engineering/biogas-meter","2024-09-03","2024-01-24","Creative Commons Attribution 4.0 International","Python",NA,FALSE,2024,FALSE,"Python","Python","No homepage","Code"
"glass-crusher-design",NA,"Global-Health-Engineering","Public","https://github.com/Global-Health-Engineering/glass-crusher-design","2024-07-16","2024-03-26","Creative Commons Attribution 4.0 International","SCSS","https://global-health-engineering.github.io/glass-crusher-design/",FALSE,2024,FALSE,"SCSS","Other language","Homepage","Code"
"pre-cleaning-system-design-for-HDPE-bottles","This repository contains the technical documentation of the prototype station for pre-cleaning of the HDPE bottles. The station aims to provide a sustainable solution for enhancing the recycling processes in low-resource settings.","Global-Health-Engineering","Public","https://github.com/Global-Health-Engineering/pre-cleaning-system-design-for-HDPE-bottles","2024-07-16","2024-03-05","Creative Commons Attribution 4.0 International","JavaScript","https://global-health-engineering.github.io/pre-cleaning-system-design-for-HDPE-bottles/",FALSE,2024,FALSE,"JavaScript","Other language","Homepage","Code"
"blog-black-carbon","A blog post for Global Health Engineering group.","Global-Health-Engineering","Public","https://github.com/Global-Health-Engineering/blog-black-carbon","2024-07-15","2024-07-10",NA,"JavaScript","https://ghe-open.ch/blog/posts/2024-07-16-black-carbon",FALSE,2024,TRUE,"JavaScript","Other language","Homepage","Code"
"bcsa","The bcsa package provide datasets for source apportionment of light      absorbing carbon (LAC) in Blantyre, Malawi. The package contains data on      Absorption Angstrom Exponent experiments determination of local pollution      sources. The package also contains data on spatial distribution and ambient concentrations of LAC concentrations. ","Global-Health-Engineering","Public","https://github.com/Global-Health-Engineering/bcsa","2024-07-08","2023-09-04","Creative Commons Attribution 4.0 International","R","https://global-health-engineering.github.io/bcsa/",FALSE,2023,FALSE,"R","R","Homepage","Code"
"GHE-data-logger",NA,"Global-Health-Engineering","Public","https://github.com/Global-Health-Engineering/GHE-data-logger","2024-11-13","2024-06-21","Creative Commons Attribution 4.0 International","C++","https://global-health-engineering.github.io/GHE-data-logger/",FALSE,2024,FALSE,"C++","Other language","Homepage","Code"
"prop-eth-ord-contribute-openaq",NA,"Global-Health-Engineering","Public","https://github.com/Global-Health-Engineering/prop-eth-ord-contribute-openaq","2024-07-03","2024-03-19","Creative Commons Attribution 4.0 International","TeX",NA,FALSE,2024,FALSE,"TeX","Other language","No homepage","Code"
"incinerator-design-cape-maclear",NA,"Global-Health-Engineering","Public","https://github.com/Global-Health-Engineering/incinerator-design-cape-maclear","2024-07-02","2024-04-08","Creative Commons Attribution 4.0 International","JavaScript","https://global-health-engineering.github.io/incinerator-design-cape-maclear/",FALSE,2024,FALSE,"JavaScript","Other language","Homepage","Code"
"manuscript-aae-2024","Contains analysis code for figures and tables in the manuscript","Global-Health-Engineering","Public","https://github.com/Global-Health-Engineering/manuscript-aae-2024","2024-04-04","2024-04-03","MIT License","R",NA,FALSE,2024,FALSE,"R","R","No homepage","Code"
"prop-eth-ord-explore-template",NA,"Global-Health-Engineering","Public","https://github.com/Global-Health-Engineering/prop-eth-ord-explore-template","2025-07-01","2023-12-07","Creative Commons Attribution 4.0 International","TeX",NA,FALSE,2023,FALSE,"TeX","Other language","No homepage","Template"
"manuscript-qechairquality","Reproducible manuscript for submission to a journal","Global-Health-Engineering","Public","https://github.com/Global-Health-Engineering/manuscript-qechairquality","2023-04-18","2023-04-04",NA,"TeX",NA,FALSE,2023,TRUE,"TeX","Other language","No homepage","Code"
"proposal-innovedum-2023",NA,"Global-Health-Engineering","Public","https://github.com/Global-Health-Engineering/proposal-innovedum-2023","2025-07-01","2023-08-31",NA,"HTML",NA,FALSE,2023,TRUE,"HTML","Other language","No homepage","Code"
"durbanplasticwaste","R data package for MSc projects on plastic waste","Global-Health-Engineering","Public","https://github.com/Global-Health-Engineering/durbanplasticwaste","2023-07-24","2023-02-21","Creative Commons Attribution 4.0 International","R","https://global-health-engineering.github.io/durbanplasticwaste/",FALSE,2023,FALSE,"R","R","Homepage","Code"
"data-public-waste-skips-blantyre",NA,"Global-Health-Engineering","Public","https://github.com/Global-Health-Engineering/data-public-waste-skips-blantyre","2023-04-24","2022-04-19","Creative Commons Attribution 4.0 International","R","https://global-health-engineering.github.io/data-public-waste-skips-blantyre/",FALSE,2022,FALSE,"R","R","Homepage","Code"
"2022-msc-sem-proj-nseemann",NA,"Global-Health-Engineering","Public","https://github.com/Global-Health-Engineering/2022-msc-sem-proj-nseemann","2023-09-25","2022-09-16","Other","Jupyter Notebook",NA,FALSE,2022,FALSE,"Python","Python","No homepage","Student paper"
"ghe-dms","Data Management Strategy of the Global Health Engineering Group at ETH Zurich","Global-Health-Engineering","Public","https://github.com/Global-Health-Engineering/ghe-dms","2025-07-01","2023-06-07",NA,"TeX",NA,FALSE,2023,TRUE,"TeX","Other language","No homepage","Code"
"dmp-sor4d",NA,"Global-Health-Engineering","Public","https://github.com/Global-Health-Engineering/dmp-sor4d","2025-07-01","2022-09-27","Creative Commons Attribution Share Alike 4.0 International",NA,NA,FALSE,2022,FALSE,"No primary language","No primary language","No homepage","Code"
"eth-data-stewardship",NA,"Global-Health-Engineering","Public","https://github.com/Global-Health-Engineering/eth-data-stewardship","2025-07-01","2022-11-14",NA,"JavaScript",NA,FALSE,2022,TRUE,"JavaScript","Other language","No homepage","Code"
"blantyreseeingwaste",NA,"Global-Health-Engineering","Public","https://github.com/Global-Health-Engineering/blantyreseeingwaste","2025-07-01","2023-05-02",NA,"R",NA,FALSE,2023,TRUE,"R","R","No homepage","Code"
"manuscript-maize-mills",NA,"Global-Health-Engineering","Public","https://github.com/Global-Health-Engineering/manuscript-maize-mills","2025-07-01","2022-04-19","Other","R","https://global-health-engineering.github.io/manuscript-maize-mills/",FALSE,2022,FALSE,"R","R","Homepage","Code"
"qechairquality","This repository contains the data and code for a manuscript on hospital air quality data","Global-Health-Engineering","Public","https://github.com/Global-Health-Engineering/qechairquality","2023-04-13","2021-10-19","Creative Commons Attribution 4.0 International","TeX","https://global-health-engineering.github.io/qechairquality/",FALSE,2021,FALSE,"TeX","Other language","Homepage","Code"
"manuscript-biogas-malawi",NA,"Global-Health-Engineering","Public","https://github.com/Global-Health-Engineering/manuscript-biogas-malawi","2025-07-01","2022-11-28",NA,"R",NA,FALSE,2022,TRUE,"R","R","No homepage","Code"
