id,due,name,text
1,2023-08-03T00:00:00Z,member-6b54,"We are very excited to introduce you, openwashdata, a GHE core open science practice. As you may see, “data is the new water” and there is yet a lack of up-to-date open data practice in the WASH domain. We build openwashdata community to bridge the gap! 

Subscribe to the newsletter: https://buttondown.email/openwashdata

Follow the project on Github: https://github.com/openwashdata

Share openwashdata website: https://openwashdata.org

Our team member is also going to #World Water Week. Connect and talk to us in Stockholm! The openwashdata is funded by Open Research Data Program of the ETH Board."
2,2023-08-10T00:00:00Z,member-mbh2,"What's the most important skill for a researcher? 

@Saloni, our Ph.D. student, believes it's resourcefulness, especially when research involves fieldwork and is subject to time constraints.
 
Saloni talked about her own experience doing air quality experiments in Malawi. She said, ""Imagine bringing all your tools to Malawi and then realizing there's no right stand to mount the monitors. I was super worried. But thanks to @Hope, our research assistant from Malawi, who said, 'Let's make one.' This is just one example of many situations I faced in two months, where being resourceful helped us to gather the necessary data.”

In pictures: @Hope and @Saloni building a frame with a movable bar."
3,2023-08-17T00:00:00Z,member-pzlu,"Do you want to work on projects with direct impact on society? Global Health Engineering is hiring! Find all available offers here: https://ghe.ethz.ch/work-with-us/open-positions.html

We are looking for students willing to work on the Bachelor’s and Master’s Theses, as well as the Semester Projects. Are you a motivated individual who wants to advance the quality of life and work in sub-Saharan Africa and get the hands on experience in Switzerland, Malawi, Kenya or South Africa? Our cross-disciplinary team is looking for mechanical engineering students to work on thermodynamics, waste characterisation, mechanical engineering, and machine vision."
4,2023-08-24T00:00:00Z,member-xi3l,"🌊 Exciting times at #WorldWaterWeek in Stockholm! 🇸🇪🌍 Engaging discussions, innovative solutions, and impactful connections - all under one roof. Mian and Sebastian are very grateful for the opportunity to join the global conversation on wash and advocate for the #openwashdata community. Let's enhance the collaboration for a more water-secure and sustainable future! 💧 #WWWeek"
5,2023-08-31T00:00:00Z,member-48h5,"We are pleased to announce that @GHE Senior Scientist @Marc Kalina has been awarded funding from the @SNF under a three-year grant through the Swiss-South African Joint Research Programme. With Prof. @Catherina Schenck of the @university of the western cape, and jointly supported by the South African @national research foundation, Dr. Kalina's team will be investigating illegal dumping in South African Local Municipalities across the country while developing remote sensing tools to identify and characterise waste leakage points. We are excited to be working with @the university of the western cape, and to share the exciting outcomes of this project as they develop. Exciting MSc thesis topics related to this project are already available. Please visit our website for more details."
6,2023-09-07T00:00:00Z,member-l5ex,"[link the post]
https://ethz.ch/en/news-and-events/eth-news/news/2023/09/blog-is-switzerland-spending-its-climate-funds-wisely.html

Through a new bilateral carbon trading pact, Switzerland is poised to fund the construction of thousands of household biogas reactors in Malawi. In a newly published @eth Zukunfstblog, @GHE Senior Scientist @marc kalina reflects on the track record of similar investments, as well as the ethics of burdening countries like Malawi, located on the frontlines of Southern Africa’s climate change battle, with failed or failing projects which make little impact on the ground.

It was encouraging to see Dr. Kalina's contribution feature on the ETH main page, and for ETH to facilitate a dialogue on this topic. Watch this space for future updates as we continue to push for an ethical and impactful programme for Malawi and the transparent use of Switzerland's climate funds."
7,2023-09-14T00:00:00Z,member-lfen,"(add images to post)

What's with the pile of punctured #plasticwaste next to @Lin?


In Malawi, empty #pesticide containers are punctured to prevent others from reusing them (e.g. water storage). 

However, highly concentrated residues from pesticide #packaging and the #plastic itself can still leak into water and soils, which poses serious environmental and human health risks.

Unfortunately, this plastic often has nowhere to go.

In the current linear economy, the cost and burden of disposal is generally passed onto the consumer – but safe disposal and #recycling systems for plastic waste are underdeveloped and often inaccessible.

What are better ways to manage pesticide packaging #waste?"
9,2023-09-28T00:00:00Z,member-6b54,"Have you ever wondered about the connection among diamonds💎, conflicts 😐 and romance💕? Are you curious about digital diplomacy 💻 and how Switzerland 🇨🇭is acting? Do not miss this line-up of expert speakers at Colloquium Science, Technology and Policy! Thanks @Dr. Laurent Cartier gave a splendid first talk of the series on diamond traceability. Absolutely inspiring!
 
Hosted by Professor @Elizabeth Tilley, the colloquium runs each Wednesday noon from Sept 27 to Dec 6 open to public both in-person and online. Register to get inspired!

https://istp.ethz.ch/events/colloquia/2023/HS.html"
10,2023-10-05T00:00:00Z,member-pzlu,"As a chair of Global Health Engineering, we not only work on global sanitation and health problems. Our Master student, Dominic Wälti, investigates and evaluates working conditions of the crew at Entsorgung + Recycling Zürich (ERZ) with the dual purpose of improving these conditions and developing practical technological solutions to reduce physical strain. His research focuses on waste collection sites spread throughout the city of Zurich. It turns out that a recurring problem emerges where waste is not handled properly, according to regulations. As a result, a significant amount of waste ends up being deposited on the ground. This issue requires the workforce to address the unauthorized disposal. The workers bear the responsibility of manually cleaning the collection sites, they take on this demanding task without the aid of specialized tools or equipment.
 
Dominic's cross-disciplinary thesis encompasses systematic assessment of health at work and technical solution development. Ergonomic analysis methodologies are used for the investigation of physical exertion. Risk assessment tools are applied within this context. Dominic spent two weeks with the workers to observe and assess their working routine, as well as interview them to get insightful suggestions for health at work improvement. His final results are the recommendations provided to ERZ."
11,2023-10-12T00:00:00Z,member-mbh2,"Dive into the world of open data and make a splash in the WASH domain! Our very first Data Science for openwashdata Academy is happening on Oct 31st! Join @Lars and @Mian for 10 modules of fun, informative, and up-to-date data practice to build your first openwashdata dataset. The academy is entirely online, no pre-requisite, and free! All course materials are publicly available.

Grab some friends to learn together and sign up now! 

https://forms.gle/WDcvc1X18eCCTN5UA"
12,2023-10-19T00:00:00Z,member-48h5,It was our pleasure to host Professor @ catherine sutherland from @ UKZN for a short but productive visit to Zurich this month. During her stay Prof Sutherland delivered a very compelling lecture to our 'International Engineering' course students on 'Development Perspectives from the South'. We were also fortunate to have her spend time in the GHE offices enaging with the students in our group and brainstorming new research pathways. @ghe is looking forward to another year of collaboration and exchane with Prof Sutherland and her team. Thank you for visiting @cathy and see you in Durban!
13,2023-10-26T00:00:00Z,member-l5ex,"How do hospitals manage their infectious waste when there is no garbage collection?  @MAVT student @Mosé Peduzzi is in Cape Maclear, Malawi, working with a local clinic to improve the combustion of their incinerator to ensure the health of the workers and community."
14,2023-11-02T00:00:00Z,member-lfen,"Who is following the negotiations for the UN Global Plastic Treaty? Our PhD student @Lin Boynton will be at the #UNEP headquarters in Nairobi next week for the third session of the Intergovernmental Negotiating Committee to develop an international legally binding instrument on plastic pollution, including in the marine environment (INC-3). 

Let us know if you'll also be there! 

#INC3 #globalplasticstreaty #plasticpollution #globalhealth #humanhealth #circulareconomy"
15,2023-11-09T00:00:00Z,member-mbh2,"Curious about the daily personal exposure to PM2.5 and Black Carbon emissions in Blantyre? Our bachelor's thesis student, @Valentin Hirsh, has designed a comfortable user-friendly monitoring kit to answer that, which @Saloni Vijay is using in Malawi for her PhD project! Our volunteers in Malawi are excited to wear this innovative kit.
Stay tuned for updates as we delve into the impacts and findings of the project.
#CleanAirMission #MalawiResearch #AirQualityProject"
16,2023-11-16T00:00:00Z,member-6b54,The first edition of data science for openwashdata received more than 200 registrations from 80+ countries around the world. Each week we tune in together for two hours and a half learning time. It is amazing and motivating to see the dedication and persistence. openwashdata also reached 1.8K unique visitors to the website and 5.7K total pageviews. Thanks for everyone making this community grow!
17,2023-11-23T00:00:00Z,member-pzlu,"Did you know that Switzerland has the highest innovation index in the world in 2023 according to https://www.wipo.int/global_innovation_index/en/2023? Countries were analyzed across 80 indicators in categories like Knowledge and Technology Outputs or Human Capital and Research. That is where the ETH contributions are hard to be neglected. That is where we compete at the highest level to move the innovation and technological advancement forward, which in turn brings the economic growth. That is also where we encourage cultural values, freedom, tolerance, diversity, education, experimentation, and ambition."
18,2023-11-30T00:00:00Z,member-mbh2,"Black carbon exposure concentrations above 100 µg/m3 ☠
Our team in Blantyre, Malawi (@Saloni Vijay, Lennox Khonje, Mwaiwathu, Hope Kevin Chilunga) found very high peaks in personal exposure to Black Carbon concentrations. 
What do you think is the reason for the peak shown in the graph?"
21,2024-01-11T00:00:00Z,member-pzlu,We are urgently looking for a student willing to work on image classification for informal dump sites in South Africa! The work should adapt Random Forests or DNNs applied to images from Google Earth. We plan to quantify the total area and number of all dump sites in four South Africa's Municipalities. All the details are available here: https://sirop.org/app/15cd80c0-0bdc-4741-a68d-b2fe8d24e695?_k=wy1yadA05G-27BUc
22,2024-01-18T00:00:00Z,member-lfen,"The revised zero draft for the #GlobalPlasticsTreaty was just released and comes in at a whopping 70 pages. How did we end up here? Our PhD student, @Lin Boynton, shares her perspective after attending the third session of the International Negotiating Committee (#INC3) in Kenya:
https://ghe.ethz.ch/ghe-blog-news/2023/12/blog-the-elephants-in-the-room-at-the-negotiations-for-the-global-plastics-treaty.html"
23,2024-01-25T00:00:00Z,member-48h5,"Last year Global Health Engineering MSc student Philippe Colbach, worked with Durban organisation Asiye eTafuleni to design and build a custom urine trolley to collect urine from urinals throughout the city. We are pleased to see it on the streets and actively servicing these emerging urban sanitation solutions. We are looking forward to continuing our partnership with Asiye eTafuleni to develop solutions to store and beneficiate collected urine, and to continue to make Central Durban a healthier and more livable space for commuters and informal workers."
24,2024-02-01T00:00:00Z,member-l5ex,"Meet the dream team!  Last week in Blantyre, Malawi, we had the chance to meet up with our long time friends and collaborators. From L-R: @Elizabeth Tilley, @Wrixon Mpanang'ombe, @Johnathan Kwangulero, @Hope Chilunga, @Lin Boynton, @Doreen Ndovie, @Sally Changaya"
25,2024-02-08T00:00:00Z,member-lfen,"Did you catch us on TV the other day? @Elizabeth Tilley was the keynote speaker (and shark tank panelist 🦈) at a think tank event held by @WASTE Advisers Malawi. After the keynote, there were lots of questions from attendees who were shocked about #airquality data from this paper: https://www.frontiersin.org/journals/public-health/articles/10.3389/fpubh.2023.1242726/full. 

The presentations throughout the day revealed similar data and outdated policies for #wastemanagement, which result in serious #environmental and #humanhealth issues. @Global Health Engineering is part of the network of professionals, researchers, and innovators that came together for the event -- a network that will continue to focus on waste management challenges and solutions in Malawi. 

Thanks to the other sponsors and all the attendees who sparked such interesting conversations and ideas! @Billy Bray @Gerald Bowler (To find the correct person: Chibuku Products Ltd, either of the two profiles) @Daniel Dunga (FCCA) @Bernard Masi Bsoc.Sc(Econs),FCCA,CPA,MBA,DipMc,PGC(Proj Fin) @Lin Boynton @Manota Andrew Mphande @Centre for Environmental Policy and Advocacy @Richard Mvula (To find the correct person: Staff Associate in Geology at Malawi University of Science and Technology) @MADALITSO AMOS (To find the correct person to tag: all caps name, studied at University of Malawi)"
26,2024-02-15T00:00:00Z,member-gj3t,"Lab equipment and scientific machinery combined make up the largest contribution of scope 3 emissions at ETH. Scope 3 indirect emissions are a consequence of the activities, occurring from external sources, e.g., disposed of products from suppliers such as the lab plastic.

LEAF initiative of the ETH Sustainability team assesses the actions taken by the groups towards sustainable operation and the scope 3 emission minimization from laboratories and workshops. We, as a group, were happy to take part in the first round of sustainability assessments. Lin Boynton and Jakub Tkaczuk applied for the bronze certificate and received it during the recent GreenLabs certification ceremony."
27,2024-02-22T00:00:00Z,member-6b54,"Proudly announce that, from this year, openwashdata starts partnerships to expand the community interested in open code and data. We are glad to have our first collaborator, @WASHWeb, to address challenges in accessing, using and sharing WASH data effectively through joint efforts. Reach out to our team if your organization is interested in partnering with openwashdata. https://buttondown.email/openwashdata/archive/openwashdata-news-07-partnership/"
28,2024-02-29T00:00:00Z,member-pzlu,"Have you been skiing recently? Every year, the ski season gets shorter and shorter. Some resprts have already been decommissioned; others will go soon. So long, skiing! But that's just skiing.

What about the bigger picture? Data on CO2 and CH4 concentration in the atmosphere + yearly temperature increase may answer this question.
Data source for the figure: NASA, NOAA (https://climate.nasa.gov/)."
29,2024-03-07T00:00:00Z,member-mbh2,"Congratulations to GHE alumni @Lena Xue for receiving the prestigious outstanding master’s thesis award from ETH Zurich! 🏆🎉 
Lena  investigated faecal sludge treatment in Kumasi, Ghana in cooperation with @Kwame Nkrumah' University of Science and Technology, Kumasi and Sewerage Systems Ghana Limited and is a student in @DBAUG. Also thanks to @Eugene Appiah-Effah for supporting the project."
30,2024-03-14T00:00:00Z,member-gj3t,"📊 Research Data Management in practice 📈 

We
 have 18 students in our ""Research Beyond the Lab"" class this year. Open
 Science is in the title, but we actively teach Research Data Management
 for a waste-related research project designed and implemented by the 
students. 

In module 4, we introduce our definitions for three 
stages of research data. How do you differentiate between them? How do 
you treat them?

- Stage 1: unprocessed raw data
- Stage 2: processed analysis-ready data
- Stage 3: final data underlying a publication

Slides: https://lnkd.in/dUJ9e5Ea"
31,2024-03-21T00:00:00Z,member-l5ex,"📕""Too rarely discussed is the fact that the necessary starting point of this reporting journey involves the strategic use of estimations and approximations in lieu of exact data""  Here at GHE we love exact data🤓.  And that's why @Till Haüsser and @Mario Loeliger are investigating ways to reliably measure methane emissions from biogas burning🔥.  From small projects to sector-wide reform! 🚀"
32,2024-03-28T00:00:00Z,member-pzlu,"Open research needs reproducibility and it should include hardware design! Our next action towards reproducible scientific and engineering work is publishing hardware designs openly, under permissive license. The first completed case is the work of @Timo Stutz's on HDPE pre-cleaning system design, manufacturing, and testing, all available on Github (https://github.com/Global-Health-Engineering/pre-cleaning-system-design-for-HDPE-bottles). This repository was certified by the Open Source Hardware Association (https://certification.oshwa.org/ch000021.html) and establishes a workflow we will continue to maintain and promote in the future."
34,2024-04-11T00:00:00Z,member-6b54,"Open data is at the heart of GHE research practice. Check out this newly released data package led by current Ph.D. student @Saloni on source apportionment of light-absorbing carbonaceous aerosols (LAC) in Blantyre, Malawi. These original reproducible datasets offer insights about local pollution from several sources including vehicles, cooking from solid biofuels, and waste burning. Collaboration with wonderful @Hope Kelvin Chilunga @Lennox Khonje @Jack Kamjombo @Elizabeth Tilley @Lars Schöbitz.  https://global-health-engineering.github.io/bcsa/"
35,2024-04-18T00:00:00Z,member-pzlu,"February 2024 was the warmest February on record with a global surface air temperature 1.77°C above the 1850-1900 pre-industrial average. January 2024 was the warmest January on record, along with every single month since June of 2023. The previous months are consequently surpassing the 1.5 °C goal of the Paris Agreement. Switzerland has committed to halving its greenhouse gas emissions by 2030 and reaching net zero by 2050, partly through emission offsetting in other countries, with a goal of offsetting over a million tonnes of CO2-equivalent until 2030. Only the relevant technology allows for emission offsetting and only the relevant technology allows for accurate emission estimation.

Currenlty, five of our students develop solutions to reliably and inexpensively estimate the emissions offset by the biogas reactors and improved cookstoves, both interesting and important for the Swiss policy makers.

Thank you @Louis Ambuehl, @Till Haeussner, @Mario Loeliger, @Gian Teufen, and @Michele Strzelecki."
36,2024-04-25T00:00:00Z,member-mbh2,"This semester, 5 students 👨🏻‍🔧🧑🏼‍🌾👨🏼‍🏭👷🏼‍♂️👩🏼‍⚕️ from 4 departments 📈🔭⚒️🧱 each completed their masters on a portion of a comprehensive waste-management strategy for the biggest tourist 🏝️destination in Malawi 🇲🇼 and how they are finished 🥳!  
                                                                                                                                                                                                                                                                     All of their work will be published on our website shortly: https://ghe.ethz.ch/publications/theses.html 
@Josch Stricker: Waste Logistics and Transport Modelling. 
@Elena Abgottspon: Economic Feasibility of Waste Collection. 
@Raphael Meier: Waste Separation and Valorisation Pathways. 
@Philippe Colbach: Glass Crusher Construction and Waste Valorization Evaluation. 
@Mose Peduzzi: Development of a Low-Cost Incinerator."
37,2024-05-02T00:00:00Z,member-7i21,"It was our pleasure here at Global Health Engineering to host Dr Festus Boamah last month 🎉. 

Dr Boamah gave a fantastic and informative presentation as part of ETH Zürich's @ETH Zurich | Institute of Science, Technology and Policy (ISTP) #ISTPColloquium on 'The Beyond Energy Justice Scholarship' ☀️⚖️. 

Please see find his important works here: https://www.researchgate.net/profile/Festus-Boamah"
38,2024-05-09T00:00:00Z,member-l5ex,Researcher profile of the week 👨‍🔬 ! Master student Moritz Meier is working with WASTE Advisers Malawi and Art Malawi to turn plastic waste ♻ into plastic sheets for school desks 🎒.
39,2024-05-15T00:00:00Z,member-7i21,🌟 We're thrilled to welcome @Natalie Boyd Williams as our new ETH postdoctoral fellow! 🎉 Natalie will be leading a project aimed at evaluating the effectiveness and fairness of Switzerland's Article 6-funded biogas project in Malawi. Discover more about Natalie's work and its impact on sustainable development by clicking the link to our latest blog: https://ghe.ethz.ch/ghe-blog-news/2024/05/blog-accountability-in-carbon-offsetting-is-it-effective-is-it-fair.html
40,2024-05-16T00:00:00Z,member-lfen,"Plastic is not cheap! 

An estimated USD 300-600 billion per year is associated with the social and environmental costs of plastic pollution:
📈 USD 61 – 121 billion per year from carbon dioxide emissions
🐟 USD 70 – 144 billion per year from impacts to marine ecosystem services
🌊 USD 1 billion per year for ocean cleanup
⚗ USD 131 billion per year from exposure to hazardous chemicals
☁ USD 31 – 63 billion per year from air pollution

Moreover, these costs disproportionately burden low- and middle-income countries and small island developing states. 

Read more in the #UNEP report “Turning off the Tap”🚰 to understand the importance of the negotiations for the #GlobalPlasticsTreaty concluding at the end of this year and the transformation to a #circulareconomy for #plastic. 

https://www.unep.org/resources/turning-off-tap-end-plastic-pollution-create-circular-economy"
41,2024-05-23T00:00:00Z,member-gu8s,"🚀 We’ve just hit 2000 followers! Thank you for being part of our journey. Here are three highlights from the past year:

👩‍🎓👨‍🎓 Student Success in Waste Management: Five students from four different departments completed their master's projects, each contributing to a comprehensive waste management strategy for Malawi's largest tourist destination. Link: https://www.linkedin.com/feed/update/urn:li:activity:7190663480310468610

🌍💻  Global Engagement in Data Science: Our inaugural data science course for openwashdata attracted over 200 participants from 80+ countries. Link: https://www.linkedin.com/feed/update/urn:li:activity:7132279787103883264

♻️ 🧪 Promoting Sustainability at ETH: We proudly received a bronze certificate in the first round of GreenLabs sustainability assessments, recognizing our efforts towards more sustainable lab practices. Link: https://www.linkedin.com/feed/update/urn:li:activity:7165249960374923264

Here's to many more milestones and achievements together! 

Graphic created with DALL-E 2."
42,2024-05-30T00:00:00Z,member-6b54,"Happy to announce that Lars Schöbitz will speak at the Swiss Reproducibility Conference 2024! Curious about GHE approach? On June 10th, be sure to attend the session ""Plan for Tomorrow Today: Why You Need a Data Steward"" if you are around. Little spoiler of the process 👀:

 📦 Develop R package for seamless audit trails from raw to analysis-ready data.
 🖥️ Store data, code, metadata, and docs on GitHub, adhering to FAIR principles.
 📝 Ensure transparency with each contributor's ORCID ID and a CC-BY license.
 🏛️ Imported published entries easily into ETH Research Collection via DOI.
 📊 Communicate the work and data with visually appealing websites."
43,2024-06-06T00:00:00Z,member-pzlu,"Six months are enough to see the impact of the master's thesis of Raphael Meier on farming practices in Cape Maclear, Malawi! 🌿👨‍🌾 Farmers used the composting knowledge from a trip to Lilongwe and plenty of worms 🪱, marking positive change in soil health 🌱, live in compost near Cape Maclear. 🚜✨"
44,2024-06-11T00:00:00Z,member-l5ex,We were lucky enough to be hosted at the new MUBAS #unipod:  a state of the art innovation hub in Blantyre.  We're already planning our neck prototype-a-thon with our grood friends @Hope Chilunga and Hope K (fill in)
45,2024-06-13T00:00:00Z,member-mbh2,"Our team proudly joined the Frauenstrike in Zurich, standing with women and allies fighting for gender equality, fair wages, and women's rights. Here's a picture of us before joining the strike, ready to support this crucial cause. We're committed to a more just and equitable society. 💪👩‍⚕️🌟

#Frauenstrike #Zurich #GenderEquality"
46,2024-06-20T00:00:00Z,member-7i21,"Celebrating Student Excellence 🎓
We're in awe of the brilliant minds behind these innovative projects:

- Monitoring device for improved cookstoves 🔥
- Data logging for remote biogas sensors 📡
- Methane sensor for biogas digesters 🌍
- Optimizing waste management with AI 🧠
- Fecal sludge trash screen design 🚽
- Innovative mask for waste burners 😷

Huge congratulations to @Louis Ambuehl @Till Häussner @Mario Loeliger @Alex Sucur @Simon Vontobel @Haresh Zeeman from @MAVT for their incredible work! 👏 We're honored to have supported these future changemakers. Their dedication inspires us to keep pushing boundaries. 🚀

What innovative projects have you worked on recently? Share in the comments!"
47,2024-06-24T00:00:00Z,member-6b54,"🚀 First Ever #openwashdata Hackathon Success! 🚀 Last Friday, our host [host name] led a one-day hackathon to create impactful data packages. In just 8 hours, our incredible participants developed 7 diverse data packages focused on Water, Sanitation, and Hygiene. 🌍💧 These datasets span from Malawi 🇲🇼 to Uganda 🇺🇬, Brazil 🇧🇷 to Peru 🇵🇪, and Ghana 🇬🇭 to beyond. A big shoutout to all the participants for their hard work and dedication! Let's keep the momentum going and make a real difference in the WASH sector. 💪💡 #dataforgood #WASHData #openwashdata"
49,2024-07-04T00:00:00Z,member-mbh2,"Last week, our PhD student @Saloni attended the Beyond the Lab Summer School. We were thrilled to see that many topics covered align with our group’s projects/focus areas, including Open Research Data, Beyond Swiss Carbon Offsetting, and Science Communication. 

Kudos to the organizers for a fantastic selection of topics and speakers!

https://www.linkedin.com/feed/update/urn:li:activity:7214652938202271744/"
50,2024-07-11T00:00:00Z,member-gj3t,"🎉 openwashdata enters phase 2: our funding proposal to the Open Research Data Program of the ETH Board was accepted. Read the full proposal here: https://openwashdata.org/pages/gallery/proposal-02/

In this next phase, we will build a data stewardship network with partners from Malawi, South Africa, and Haiti. 

Thank you for sharing our vision for #openwashdata: Sustainable Organic Integrated Livelihoods (SOIL), BASEflow Limited, WASH R&D Centre."
51,NA,member-mbh2,"🌍 New Blog Alert: From Smoke to Solution 🌍

@Saloni Vijay's new blog ""From Smoke to Solution: Advancing Black Carbon as a Regulatory Pollutant,"" highlights the need for establishing regulatory limits on black carbon concentrations and includes her firsthand research experience in Malawi. 

Read the blog here: https://ghe.ethz.ch/ghe-blog-news/2024/07/blog-from-smoke-to-solution-advancing-black-carbon-as-a-regulatory-pollutant.html"
52,2024-07-18T00:00:00Z,member-qaze,"This week, our PostDoc Jan Freihardt visited four of the 36 villages in Bangladesh 🇧🇩 in which he has been conducting a large-scale panel study on environmental #migration and #climateadaptation over the past 4 years. 
For the first time, he witnessed the situation in the villages during the yearly monsoon flooding 🌊  - and was deeply touched by how challenging moving around becomes when roads 🛤️ and even houses 🏠 are underwater. Flooded tube wells 🚰, latrines, and cooking stoves ♨️ greatly complicate daily life. 
At the same time, he was impressed by the resilience 💪 of the communities which have developed various strategies to cope with the yearly recurring floods. 
More info on the study: https://www.research-collection.ethz.ch/handle/20.500.11850/646402"
53,2024-07-25T00:00:00Z,member-6b54,"🎓 Exciting Thesis Opportunities for @D-MAVT students! We're offering dynamic thesis projects, including improving incineration technology🔥, collaborative toilet design🚽, carbon offsetting with biogas, and more. We also have topics like sustainable water filtration🚰, effluent pasteurization, and etc. Apply now to contribute to innovations in global health engineering! 🌍🔬"
54,2024-08-01T00:00:00Z,member-pzlu,"Embracing Open and Reproducible Research in Hardware Design 🚀
We are extending the principles of open and reproducible research to our hardware designs! 🌟 At GHE, we believe that collaboration and transparency drive innovation. That’s why all of our design work will be openly published on GitHub and the ETH Research Collection. 🔗 Check out the link in the comments to explore our projects and join us in shaping the future of hardware design! 💡 #OpenResearch #HardwareDesign #Innovation #Collaboration"
55,2024-08-08T00:00:00Z,member-lfen,"That’s a wrap! Last week, we had our second ✨annual retreat✨! While we usually spend our days working on global health, we switched gears for two days to focus on our organizational health. From finding our strengths as a group 💪 to organizing our project space 🧹 (and of course a few friendly games of Werewolf 🐺), we have come away refreshed and reinvigorated for our research 🚀"
56,2024-08-15T00:00:00Z,member-7i21,"🚨 Last month, our PostDoc, Natalie Boyd Williams, and Data Steward, Colin Walder, were in Malawi interviewing dairy farmers about their needs and motivations for domestic biogas digesters. 🐄💡 We had the privilege of working with four amazing enumerators from @Mzuzu University! 🎓 Stay tuned for exciting research updates! 🔍📊 #Fieldwork #Biogas #Sustainability #GHE #ResearchInAction"
58,2024-08-29T00:00:00Z,member-h8if,Welcome to our freshly equipped lvl2 Microbiology lab. Our first fungal strains arrived last week and are now growing in our lab. GHE is ready to start working in the fascinating field of microbiology… Interested in pathogen inactivation in faecal sludge and fungi-bacteria interaction… we keep you posted
59,2024-09-05T00:00:00Z,member-gj3t,"Where are the pumps  , waste skips  , and humanitarian organizations  ? Check out part 3/3 of our blog post series by Mian Zhong who teaches you how to use R and open data to create maps. Find out more: https://openwashdata.org/pages/blog/posts/2024-03-01-create-map-part-3/"
60,2024-09-12T00:00:00Z,member-qaze,"One of the most touching ❤️ moments during the closing workshop of our research project ""Climate risk, land loss, and migration: Evidence from a Quasi-Experiment in Bangladesh"" 🇧🇩 was when one of our study participants shared the story of her family who had repeatedly lost their house 🏠 and land due to riverbank erosion and a lack of government support. With her story, she challenged the high-level representatives of international and government organizations who had previously presented their strategies for climate change adaptation in Bangladesh. 
This situation vividly illustrates the gap that we frequently experience between what governmental and international organizations plan, and what the communities on the ground would actually want or need. If we are serious about effective climate change adaptation, we urgently need to close this gap. 
What are your experiences? Have you witnessed a similar misalignment between community needs and government plans in other settings? 
#climatechange #adaptation #resilience #Bangladesh"
61,2024-09-19T00:00:00Z,member-pzlu,"Excited to share our newly published policy brief on waste management for Cape Maclear, Malawi! 🌍♻️
This work, based on five Master's theses, aims to improve public health, environmental conditions, and economic opportunities in Cape Maclear.
Read the full brief: https://doi.org/10.3929/ethz-b-000695292
#WasteManagement #SustainableDevelopment #GlobalHealth #Malawi #ETHZurich"
62,2024-09-26T00:00:00Z,member-mbh2,"Our PhD student, @Saloni, presented a poster on ""Black carbon concentrations and sources in Blantyre, Malawi"" at the iCACGP-IGAC Conference 2024 in Kuala Lumpur, Malaysia. 🌍

Her work highlights Blantyre's significant air quality inequities, emphasizing the need for targeted interventions. 🏘️

We are proud of her contributions to advancing air quality research in under-monitored regions! 🙌

#IGAC2024 #BlackCarbon #AirQuality #EnvironmentalEquity"
63,2024-10-03T00:00:00Z,member-7i21,"Last week, 🌍✨ as part of our International Engineering: From Hubris to Hope MSc course at ETH Zurich, we took our learning beyond the classroom to the Swiss National Museum (Landesmuseum) 🏛️. We explored the Colonial Entanglements exhibition, gaining deeper insights into Switzerland's historical ties to colonialism. It was an incredibly insightful afternoon filled with exploration and meaningful discussions! 🤝🔍 #EngineeringEthics #GlobalImpact #ETHZurich"
64,2024-10-10T00:00:00Z,member-gj3t,NA
65,2024-10-17T00:00:00Z,member-gj3t,NA
66,2024-10-24T00:00:00Z,member-gj3t,"Our data management strategy is taking shape. Colin Walder recently presented our publishing workflow at the Swiss Research Data Day. We are actively working on an R package to help us automate the process, so that we can focus on writing informative and complete documentation.Slides: https://openwashdata.org/pages/gallery/slides/srdd2024/washr development: https://github.com/openwashdata-dev/washr#FAIRdata #ORD #openresearch"
67,2024-10-31T00:00:00Z,member-qaze,"Last week, our GHE postdoc @Jan Freihardt co-facilitated a workshop on “Transforming our university teaching towards sustainability” together with @WWF Switzerland, @Swiss Young Academy and @Sustainable Development Solutions Network Switzerland SDSN.

The goal of the workshop was to help young lecturers 👩‍🏫 expand their knowledge on the transformative potential of universities and how this change can be initiated internally within universities. Organized by various stakeholders active in academia, the workshop provided essential basic knowledge, teaching strategies, and support offers to incorporate sustainable development 🌿 into teaching.

You can find the input slides and some materials from the workshops here: https://www.he-sustainability.ch/workshop2024."
68,2024-11-07T00:00:00Z,member-gu8s,"We're excited to host @Hope Chilunga at our group for the next six weeks! 🚀

During his stay, he will write his #ETH4D PhD proposal, focusing on how remote sensing can be leveraged to detect burning waste sites and their emissions. Hope holds a Master in 🤖 and Artificial Intelligence, is a lecturer at @MUBAS and runs his own drone company in Malawi 🇲🇼.

Make sure to catch him while he's here to share his insights on the latest advancements in drone technology or to discuss future collaborations! 🤝"
69,2024-11-14T00:00:00Z,member-gj3t,"Join us on 📅 Thursday 21. November 2024, 17.15 for a talk by Lars Schöbitz on Data Stewardship. He will highlight the challenges of a modern academic, and our internal and external approach to achieve hashtag#FAIR data sharing practices.

Register for in-person event: https://lnkd.in/eZwBjkqd

📍 ETH Zurich, Campus Zentrum (MM C 78.1 – Alumni Pavillon)

💻 Live online: https://lnkd.in/dnFN9YAN"
70,2024-11-21T00:00:00Z,member-gj3t,"""What does the day-to-day life of a data steward in a research group look like?"" One of the many excellent questions Lars Schöbitz received
 after his talk on Thursday. Answers will be available as a recording 
soon. In the meantime, you can view his slides here: https://lnkd.in/dNitqvMY

💥 Spoiler 💥 His 10 learnings from 3 years:

#1 Technology is not on our side
#2 ETH wants reproducibility
#3 Data management is project management
#4 Predictability wins
#5 Low IT affinity is not a lack of aptitude
#6 Data != Data
#7 Data management is a process, not a checkbox
#8 Findable: Publish for humans and computers
#9: 9 to 5 is possible
#10 Funding for Open Research Data exists

hashtag#openscience hashtag#openresearchdata hashtag#datastewardship"
71,2024-11-28T00:00:00Z,member-7i21,"🌍✨ Updates from #COP29! With the latest developments on Article 6.4, we were happy to dive into the insightful briefing note by Dr. Chipo Mukonza and Dr. Samir Thapa from @MECS programme Loughborough. Their focus on integrating energy justice into carbon projects is crucial. 

Key questions to ponder in carbon offsetting:

1. How are burdens and benefits being distributed? ⚖️
2. Are marginalized groups recognised and includedin decision-making and project design? 🗳️
Let's ensure carbon projects are just and inclusive! 💚 #Sustainability #EnergyJustice #CarbonOffsetting #ClimateAction

What are your thoughts on these developments? 🤔💬"
72,2024-12-05T00:00:00Z,member-xlqc,"📊 What would you create if given the challenge to turn raw data into compelling stories?

Last week, openwashdata at GHE hosted an exciting hackathon, challenging data enthusiasts to dive into one of our 30+ datasets and craft innovative visualizations—and the results were absolutely inspiring! 🎉

🌟 A huge congratulations to our winner, @winner_name! Their visualization blew us away with its creativity, clarity, and ability to tell a powerful story with data. Check out their incredible work here: [link].

👏 Shoutout to @second_place and @third_place for their prize-winning contributions as well! Your efforts truly showcased the potential of data visualization to inform and inspire.

This event reaffirmed our belief in the power of open data to drive innovation and collaboration. If you’re curious to learn more about openwashdata or explore partnership opportunities, don’t hesitate to reach out—we’d love to connect! 🚀"
73,2024-12-09T00:00:00Z,member-pzlu,"Master student Teymour D'Andrea is working to build better, cheaper, stronger toilets in South Africa with @Antoinette van der Merwe and the NGO @Nova Institute NPC.  We are grateful to funding from @ETH4D."
74,2024-12-10T00:00:00Z,member-wkou,"Elia Weber has been developing and testing low-cost flow sensors with different gas mixtures. His custom-built setup in the wet lab fume hood uses mass-flow controllers, humidifiers and heaters to carefully control the test parameters."
75,2024-12-11T00:00:00Z,member-wkou,"Timon Mettler's data acquisition and transmission device, which focuses on being low-cost and low-power, was built in the mechanical and electronic workshop. The wet lab’s electronic test-bench helped to find which elements used most power."
76,2024-12-12T00:00:00Z,member-wkou,"Lorenzo Lafranchi is testing recycled plastic properties, and uses our SLA printer to quickly prototype injection molds (bottom). Here he is checking a mould for a gas sensor housing channel before testing and injection in the mechanical workshop."
77,2024-12-13T00:00:00Z,member-wkou,"Ylva Peter is designing a low-cost, robust liquid flow rate measurement device aimed at better understanding biogas digesters’ performance. She can prototype quickly with different materials thanks to our laser printer!"
80,2025-01-09T00:00:00Z,member-qaze,"🌍 New Blog Post: Who gets a seat at the table? 🌍

@Jan Freihardt's new blog ""Who gets a seat at the table? The exclusive world of UN Climate Conferences"" highlights how global events such as COPs often restrict access to the very people most affected by climate change, raising urgent questions about inclusivity and representation in the fight for our planet’s future. 

Read the post here: https://ghe.ethz.ch/ghe-blog-news/2025/01/blog-who-gets-a-seat-at-the-table-the-exclusive-world-of-un-climate-conferences.html"
81,2025-01-16T00:00:00Z,member-gu8s,"Leveraging computer vision to automate 🍄‍🟫 growth detection

Jules Peter and Colin Walder are experimenting with a setup to automatically measure  🔭 the growth of fungi on human feces💩. The goal is to better observe fungal growth and increase measurement accuracy, allowing for larger-scale experiments 👨🏻‍🔬.

Want to help us improve this setup? GHE is currently looking for a student with strong programming skills 👩🏽‍💻and an interest in how mushrooms could improve the sanitation of human waste. You can find all of our open student projects here: https://ghe.ethz.ch/work-with-us/open-student-projects.html"
82,2025-01-23T00:00:00Z,member-pzlu,"Exciting insights from the World Economic Forum in Davos! 🌍

Elizabeth Tilley shed light on the crucial challenges facing the implementation of WASH💧 technologies in low- and middle-income countries.

Interested in learning more? 💡The full session ""WASH-ing Away Inequities"" is available for viewing here: https://www.weforum.org/open-forum/event_sessions/open-forum-wash-ing-away-inequities/"
83,2025-01-30T00:00:00Z,member-l5ex,"📣exciting news from Cape Maclear Malawi! 🇲🇼 @MAVT   student Raphael Mignot-Bahisson worked on an improved trash incinerator 🗑️🔥👫🏽for this village to help prevent open burning.  In consultation with the community👫🏽, he was able to increase the quantity of waste burned, reduce the air pollution and improve acceptance of this exciting technology."
84,2025-02-06T00:00:00Z,member-7i21,"🎨 Final exam... but make it ART! ✍️✨

For an extra 2 points, we challenged students in our class 'International Engineering: from Hubris to Hope' to illustrate their favourite lecture—and they delivered!

Who said learning can’t be fun, even in an exam? 🤓🎭 also great feedback for us to learn what the main takeaways were for students. 

Swipe through the best illustrations & let us know—should this become a tradition? 👇🎨 can you spot Colin Walder ?"
85,2025-02-13T00:00:00Z,member-xlqc,"🚀 New R Data Package Published: WHO's Health Glossary Now Easily Accessible! (https://openwashdata.github.io/glossarywho/)

Health data can be complex, but clear definitions make all the difference. The openwashdata team recently published a structured WHO glossary as an R package, making it easier for researchers, policymakers, and analysts to reference key health terms directly in their workflow.

🔍 What’s inside?
✅ A clean, structured dataset of WHO definitions
✅ Ready for analysis, visualization, and integration into reports
✅ Easy-to-use website, categorised by thematic areas in the WHO report: 
✅ Open-access for everyone!

If you're working with health data and want to standardize terminology effortlessly, check it out! Let’s make publishing more transparent.

How do you handle consistent terminology in your work?"
86,2025-02-20T00:00:00Z,member-h8if,"🌿 Nature's Dream Team for Eco-Friendly Waste Management! 🌎♻️
We're bringing together two superstar decomposers - Fungi 🍄 and Black Soldier Fly larvae 🐛  

Are you nterested bringing organic waste management to a new level? 

We might have the topic for your Bachelor or Master thesis!  

🔹Use of fungi as a pretreatment to increase the quality of Black soldier fly feeding substrate 
 https://sirop.org/app/8c5bfbf9-852f-489a-8e18-680fb16f42a5
🔹Test Black soldier fly frass as a mushroom growing substrate
https://sirop.org/app/e67138e0-7ddb-4ea2-8b7c-f60db5143700"
87,NA,member-mbh2,"🚀 Kicking Off Our Respiratory Health Study! [Update 1/4]

Our field team meeting marked the start of our study on burden of chronic respiratory symptoms and air pollution exposure among waste pickers in Blantyre, Malawi. Led by PhD student @Saloni Vijay, the project officially kicked off last Sunday! 

👥 Team in photo (left to right): @Chana Khuluza, @Juniah Mzeze, @Dunia Wasili, Anstead Kankwatira, @Hope Chilunga, Rose Malamba, Elizabeth Jalisi, @Saloni Vijay, Ramsey Mauka, Innocent Matchipisa.

#AirPollution 🌍 #LungHealth 🫁 #FieldWork"
88,NA,member-mbh2,"📝 Training for a Successful Survey! [Update 2/4]

A well-prepared team = a successful survey! ☀️ Here’s our questionnaire team gearing up for fieldwork for our study on Burden of Chronic Respiratory Symptoms & Air Pollution Exposures Among Waste Pickers. @Saloni Vijay led a briefing, ensuring clarity & accuracy, while the team reviewed translations — all while soaking up some sun & vitamin D! ☀️💪  After training, we took the questionnaire to the field for a pilot study to refine questions. 🏕️ 

💻 Behind the scenes, a big thanks to @Colin Walder in 🇨🇭 for refining the questionnaire coding!

@Chana Khuluza, @Juniah Mzeze, @Dunia Wasili, @Ramsey Mauka"
89,NA,member-mbh2,"🫁 Spirometry Refresher Training! [Update 3/4]

As part of our study on Burden of Chronic Respiratory Symptoms & Air Pollution Exposures Among Waste Pickers, @Lindsay Zurba led an intensive training this Monday on conducting spirometry for both children & adults. This ensures our team is well-equipped to assess lung function among informal waste pickers.

Our spirometry team: Lindsay Zurba, Anstead Kankwatira, Rose Malamba, Elizabeth Jalisi, Bright Mnesa"
90,NA,member-mbh2,"Field work is officially starting! 🎉 [Update 4/4]

Our team is ready to go, and we’re all set up at the Mzedi dumpsite to collect data on the burden of chronic respiratory symptoms and air pollution exposures among waste pickers, as a part of PhD thesis of @Saloni. Credits to @Hope for setting up the tent 🏕️!

@Elizabeth Tilley @Jamilah Meghji, Dr. Peter Banda @Lindsay Zurba @Saloni Vijay, @Colin walder @Chana Khuluza, @Juniah Mzeze, @Dunia Wasili, Anstead Kankwatira, Rose Malamba, Elizabeth Jalisi,  @Ramsey Mauka, Innocent Matchipisa, @Hope Chilunga"
91,2025-02-27T00:00:00Z,member-gj3t,"🚀 Exciting Opportunity: Scientific Assistant - Data Science / Software Engineer at ETH Zürich! 🧪💻

Are you passionate about #OpenScience and #DataScience? Join our team at the Global Health Engineering group (@D-MAVT) at @ETH Zürich! We're looking for a talented individual to support our two ongoing projects funded by the Open Research Data Program of the ETH Board: (1) openwashdata community and (2) FAIR Data Practices for Qualitative Research in Transdisciplinarity.

https://jobs.ethz.ch/job/view/JOPG_ethz_JdKElDackUdCjqVlFG

🔍 What we're looking for:

- Proficiency in Git, GitHub, R, Python, RStudio IDE, VS Code
- Expertise in R Tidyverse packages
- Interest in use of Large Language Models (LLMs) in academia
- Innovative thinker with a knack for process improvement
- Early career professional seeking academic project experience

🌍 About us:

We're a diverse, interdisciplinary team of 15 dedicated professionals working on resource-constrained countries. We value openness, creativity, and continuous improvement."
92,2025-03-06T00:00:00Z,member-a8ml,"Exciting news from Mzuzu, Malawi! 🇲🇼 With support of BASEflow Limited, we started the construction of a novel biogas plant that is fuelled by human waste 💩

-💡 Based on GHE research, ways to safely treat the effluent from the biogas plant will be tested and optimized over the next 5 years under real conditions.
 -🌿 Safely treated effluent contains valuable nutrients and can be used in agriculture as organic fertilizer 
- 🤝 This living lab space allows us to closely interact with different stakeholders such as municipalities, farmers, and local business owners to co-create knowledge and find out what is needed for the long-term success of such technology."
93,2025-03-13T00:00:00Z,member-gj3t,"📢 Exciting news from the Swiss Reproducibility Network (SwissRN)! 🇨🇭

Did you know SwissRN is dedicated to promoting transparent, reproducible, and robust research practices across Switzerland? They build a network of local nodes across the country.

@ETH Zürich is an institutional member of SwissRN and @Lars is now the local node leader for ETHZ! 🎉

Local nodes are the backbone of SwissRN, driving activities like working groups, journal clubs, training workshops, and more.

👉 Learn more about SwissRN, its mission, and how to get involved: https://www.swissrn.org/
👉 Find your local node: https://www.swissrn.org/contents/community/nodes/
👉 Discover SwissRN's institutional members: https://www.swissrn.org/contents/community/organisation/

Let's work together to strengthen research integrity! 🤝 #SwissRN #Reproducibility #OpenScience #OpenResearchData"
94,2025-03-20T00:00:00Z,member-qaze,"🌍 New Blog Post: ""Teaching in Ghana - Confronting Privilege and Power in Global Academia"" 🌍

@Jan Freihardt's new blogpost reflects on a teaching experience in Ghana 🇬🇭, during which he was confronted with uncomfortable questions about historical inequalities, resource extraction, and the role of privileged academics in North-South collaborations. 
We are curious: Have you experienced similar dynamics in North-South teaching or research settings? What approaches have helped you to ethically navigate such spaces, to foster more ethical and truly reciprocal knowledge exchanges? 

Read the post here: https://ghe.ethz.ch/ghe-blog-news/2025/03/blog-teaching-in-ghana-confronting-privilege-and-power-in-global-academia.html"
95,2025-03-27T00:00:00Z,member-gj3t,"We’re excited to welcome Nicolò to the Global Health Engineering team! 👋

Nicolò joins us as a Data Science Intern, bringing his expertise in computational methods and programming, along with experience from his MSc in Cosmology. He will be contributing to our efforts on openwashdata.org and advancing FAIR Data Practices for Qualitative Research in Transdisciplinarity through fairqual.org.

Welcome to the team, Nicolò! 🎉
Learn more about him here: https://openwashdata.org/about/nicolo/"
96,2025-04-03T00:00:00Z,member-gj3t,"Did you know that all MSc theses from our research group are published through the ETH Research Collection? 📚 ✨ By doing this, we archive their work, showcase the incredible work of our students, and contribute to open access and knowledge sharing. 🤝

To further promote accessibility and innovation, we strongly encourage our mechanical engineering students to apply CC-BY licenses to their theses. ✅ Doing so empowers others to build upon your work, fostering collaboration and driving progress in health engineering worldwide. 🌍

Explore the collection here: https://ghe.ethz.ch/publications/theses.html"
97,2025-04-10T00:00:00Z,member-l5ex,"🌞💦We’re so proud of Master student @Adriana Niggeli who worked with farmers 🧑🏾‍🌾👨🏿‍🌾 in Cape Maclear Malawi 🇲🇼 to develop a network of solar irrigation pumps. These pumps 🧴 mean that farmers can continue to grow and harvest during the dry months 🥵, ensuring a year-round income."
98,2025-04-17T00:00:00Z,member-7i21,"🎓 Celebrating MSc Student Presentations! 🎉

Last week, we had the pleasure of watching our MSc students present the results of their research—an inspiring showcase of curiosity, creativity, and critical thinking across a wide range of important topics.

Congratulations to all presenters!

👇 Here are the students and their project titles:

Elia Weber - Biogas sensor development: from prototyping to production ⚙️
Silas Schweizer - Model and visualization of recyclable material collection network ♻️
Teymour d'Andrea - Urine diverting toilet design, manufacturing, and testing 🚽
Lukas Walker - Estimating uncertainty in past biogas offsett projects and methodologies 📉
Noah Waeger - Feasibility study of modular water filters 💧"
99,2025-04-24T00:00:00Z,member-h8if,"🎉🎉🎉 We’re pleased to introduce Padraic Casserly, our new PhD student! 🎉🎉🎉
Padraic is an experienced global health engineer, with years of experience implementing developmental projects in Sub-Saharan Africa. 
For his research he will work with partners in Malawi 🇲🇼 to optimize low-cost biogas systems 🔥 and deliver renewable energy♻️ and sanitation solutions🚽, directly contributing to Switzerland's carbon reduction and international development goals ✅.Elizabeth Tilley"
100,2025-05-01T00:00:00Z,member-zt6s,"🔒 𝗗𝗶𝗱 𝘆𝗼𝘂 𝗸𝗻𝗼𝘄 𝟮𝟳% 𝗼𝗳 𝗱𝗮𝘁𝗮 𝘂𝗽𝗹𝗼𝗮𝗱𝗲𝗱 𝘁𝗼 𝗔𝗜 𝘁𝗼𝗼𝗹𝘀 𝗶𝘀 𝗰𝗹𝗮𝘀𝘀𝗶𝗳𝗶𝗲𝗱 𝗮𝘀 𝘀𝗲𝗻𝘀𝗶𝘁𝗶𝘃𝗲?* Keep your research interviews secure with local transcription - introducing 𝚐𝚑𝚎_𝚝𝚛𝚊𝚗𝚜𝚌𝚛𝚒𝚋𝚎, a new Python package developed right here at GHE! 🚀

This powerful tool streamlines the transcription of audio files while also performing speaker diarization, meaning it identifies and separates who is speaking when. It uses cutting-edge open-source models – 𝗙𝗮𝘀𝘁𝗲𝗿 𝗪𝗵𝗶𝘀𝗽𝗲𝗿 and 𝗣𝘆𝗮𝗻𝗻𝗼𝘁𝗲 – to obtain the best possible results.

Crucially, 𝚐𝚑𝚎_𝚝𝚛𝚊𝚗𝚜𝚌𝚛𝚒𝚋𝚎 helps 𝗿𝗲𝗺𝗼𝘃𝗲 𝘁𝗵𝗲 𝗿𝗶𝘀𝗸 𝗼𝗳 𝗹𝗲𝗮𝗸𝗶𝗻𝗴 𝗰𝗼𝗻𝗳𝗶𝗱𝗲𝗻𝘁𝗶𝗮𝗹 𝗶𝗻𝗳𝗼𝗿𝗺𝗮𝘁𝗶𝗼𝗻 𝘁𝗼 𝘁𝗵𝗶𝗿𝗱 𝗽𝗮𝗿𝘁𝗶𝗲𝘀. 🔒 You have the flexibility to run it locally on your machine, ensuring your sensitive data stays secure. For those working with larger audio files or wanting to avoid slowing down their local computer, we've also provided clear instructions to run it directly on the 𝗘𝘂𝗹𝗲𝗿 𝗰𝗹𝘂𝘀𝘁𝗲𝗿, which is open to all ETH members. 💻

𝗪𝗵𝘆 𝗰𝗵𝗼𝗼𝘀𝗲 𝚐𝚑𝚎_𝚝𝚛𝚊𝚗𝚜𝚌𝚛𝚒𝚋𝚎 𝗮𝘁 𝗘𝗧𝗛? 🤔 Because we're actively collaborating with IT services here to bring you an even more seamless experience! We're working towards providing a fast, one-click access to the tool directly from your browser window on Euler's JupyterHUB instance – 𝗻𝗼 𝗶𝗻𝘀𝘁𝗮𝗹𝗹𝗮𝘁𝗶𝗼𝗻 𝗿𝗲𝗾𝘂𝗶𝗿𝗲𝗱! 🤯

But that's not all! ✨ 𝚐𝚑𝚎_𝚝𝚛𝚊𝚗𝚜𝚌𝚛𝚒𝚋𝚎 has been specifically designed with 𝗙𝗔𝗜𝗥 𝗗𝗮𝘁𝗮 𝗣𝗿𝗮𝗰𝘁𝗶𝗰𝗲𝘀 𝗳𝗼𝗿 𝗤𝘂𝗮𝗹𝗶𝘁𝗮𝘁𝗶𝘃𝗲 𝗥𝗲𝘀𝗲𝗮𝗿𝗰𝗵 𝗶𝗻 𝗧𝗿𝗮𝗻𝘀𝗱𝗶𝘀𝗰𝗶𝗽𝗹𝗶𝗻𝗮𝗿𝗶𝘁𝘆 in mind, aligning perfectly with the goals of the FAIRqual project. 💪 We believe in making research data Findable, Accessible, Interoperable, and Reusable, and this package is a significant step towards achieving that for qualitative data in collaborative, transdisciplinary settings.

A big thank you to @Ariane Wenger and @Anne-Sophie Schaltegger at TdLab for their valuable early-stage feedback! 🙏

Stay tuned for more updates on the one-click browser access! 👀

Ready to try 𝚐𝚑𝚎_𝚝𝚛𝚊𝚗𝚜𝚌𝚛𝚒𝚋𝚎? Check out the GitHub repository for installation instructions and usage examples: https://github.com/Global-Health-Engineering/ghe_transcribe

We're excited to see how you use 𝚐𝚑𝚎_𝚝𝚛𝚊𝚗𝚜𝚌𝚛𝚒𝚋𝚎 to advance your research and promote secure, open, and FAIR data practices! 🙌

(*) “27% of data uploaded to AI tools is classified as sensitive”
Source: Cyberhaven’s 2024 “AI Adoption and Risk Report” found that 27.4% of data submitted to AI tools by employees was sensitive, up from 10.7% the previous year-a 156% increase.
https://www.cyberhaven.com/blog/shadow-ai-how-employees-are-leading-the-charge-in-ai-adoption-and-putting-company-data-at-risk
https://www.scworld.com/news/shadow-ai-on-the-rise-sensitive-data-input-by-workers-up-156

#OpenScience #FAIRData #QualitativeResearch #Transdisciplinarity #ETHZ #GlobalHealthEngineering #Python #MachineLearning #SpeechToText #SpeakerDiarization #DataSecurity #EulerCluster #JupyterHUB #Innovation"
101,2025-05-08T00:00:00Z,member-wkou,"♻️ Procrastinating your trip to the recycling point? A new planning workflow combines GIS and MILP to improve access to Sammelstellen in Zurich and beyond.
Environmental Sciences Master’s thesis student @Silas Schweizer developed an urban planning workflow combining GIS and Mixed-Integer Linear Programming to improve @Entsorgung + Recycling Zurich’s glass and metal recycling network.
🔍 His analysis focusing on pedestrian access and network constraints recommends 12 new collection points, reducing:
- the number of underserved residents by 9’000
- average walking time to recycling points by 20 seconds
👏 A great example of using data to improve recycling rates and helping reach emissions reductions targets. 

🖥️ Code & data: https://doi.org/10.5281/zenodo.15320179
📖 Publication coming soon!
#Recycling #GIS #UrbanPlanning #ETHZurich #SmartCities #StudentSuccess"
102,2025-05-15T00:00:00Z,member-gu8s,"How do smallholder farmers in Malawi 🇲🇼 use biogas?

Thanks to a consistent supply of nutrient-rich effluent, farmers now planning to plant 🌽 multiple times annually to boost their harvests which is important given that around half of Malawi's population is affected by food insecurity. Moreover, having access to biogas also allows farmers to cook indoors without smoke, eliminating a significant source of air pollution.  Natalie Alice Boyd Williams's research was supported by the ever wonderful Stella Chisenga [ON LINKEDIN], Owen Mtambo [ON LINKEDIN], and Cyrus Lloyd [NO LINKEDIN].

Would you like to learn more about Natalie Alice Boyd Williams research? https://ghe.ethz.ch/about/people/person-detail.MzM0NzQy.TGlzdC80MTI2LC0xNDYwMDMwNTU3.html"
103,2025-05-22T00:00:00Z,member-pzlu,"🥳 It was an exciting day at the ZHAW biogas plant in Feldbach🇨🇭. Our two PhD students: microbiologist Jules Peter and our newest member, Padraic Casserly, who will focus on biogas process engineering, together with Dr. Jakub Tkaczuk, had the opportunity to meet Dr. Wolfgang Merkle to bridge the gap between fundamental and applied research 🔬. Our work will open up valuable knowledge transfer, strengthening our expertise and field experience in sustainable energy research! ⚡️"
104,2025-05-27T00:00:00Z,member-gu8s,"Publication alert! 📢

Our latest article, ""Expanding horizons: The pedagogical benefits of museum visits for engineering students"", is out now in ETH's Learning and Teaching Journal. 

Lukas Walker, Colin Walder and Elizabeth Tilley highlight how project-based learning can bolster engineering education. 👷‍♀️💡 As part of the course ""International Engineering: From Hubris to Hope"", students visited and reflected on an exhibition on colonialism and looted art 🏛️, bridging the gap between technical knowledge and the complex real-world contexts engineers must navigate in their careers. 🌍

Link to the paper (open access): https://doi.org/10.16906/lt-eth.v5i1.258

Want do learn more about the course which will be offered again in HS 2025? Click here! https://www.vorlesungen.ethz.ch/Vorlesungsverzeichnis/lerneinheit.view?lang=en&semkez=2024W&ansicht=KATALOGDATEN&lerneinheitId=183181&"
105,2025-05-29T00:00:00Z,member-gj3t,"🌟 GHE Yearly 2025: Third Edition at Kloster Fischingen 🌟

It's time for our GHE Yearly this week! In our third edition, we've grown from to a team of 10 people in 2024 to a team of 17 people in 2025. Over the next three days, we'll be sharing updates and connecting at the beautiful Kloster Fischingen.

Follow along with our agenda:

📅 Day 1: Team Updates & Collaboration

- 📊 GHE statistics: Student supervision, OpenWashData, LinkedIn, and ETH Research Collection
- 🎓 PhD research showcases
- 🎨 Crafting workshop

🚀 Day 2: Vision, Strategy & Team Building

- 🌠 Vision for GHE: Inspiring outlook for the future
- 🧭 Theory of Change Workshop: How do we get where we want to be?
- 🔍 What Works, What Doesn’t?: Honest reflections and forward planning
- 💻 Website Content Sprint: Refreshing our digital presence together
- 🏸 Badminton Tournament: Friendly competition in our favourite team sport

🌳 Day 3: Taxonomy, Goal Setting & Nature

- 🗂️ Taxonomy Workshops: Focusing on structure and clarity
- 🎯 Goal Setting for Next Year: Aligning on priorities and ambitions
- 📝 Retreat Wrap-Up: Reflections and next steps
- 🥾 Hike Around Fischingen: Closing with a scenic hike

@tag (everyone): Looking forward to an inspiring and productive retreat together! Let’s make this our best GHE Yearly yet!"
106,2025-06-05T00:00:00Z,member-l5ex,"repost https://www.linkedin.com/posts/madhukar-pai_lancet-ugcPost-7336380842954420224-srNt?utm_source=share&utm_medium=member_desktop&rcm=ACoAABLsl8wBMQGp5jqwibl3_-8l5G5xcB1MJv8 with the caption: ""We need to rethink where we host (Global Health) conferences:  an excellent commentary piece is out now!"""
107,2025-06-12T00:00:00Z,member-gj3t,"🌍 Advancing Open Research Data (ORD) Practices: Collaboration & Innovation in the ETH Domain

Last week, Elizabeth Tilley and Lars Schöbitz had the opportunity to share experiences with Project FAIRqual at the ETH Board Open Research Data conference. 🤝 

This collaborative project brings together Global Health Engineering's expertise in open data practices with the innovative research approaches of  Franziska Mohr, Mollie Chapman, and Bianca Vienni-Baptista from the Department of Environmental Systems Science (D-USYS), ETH Zürich D-Transdisciplinarity Lab, focusing on FAIR Data Practices for Qualitative Research in Transdisciplinarity. 🔬✨

We discussed four critical challenge areas when sharing qualitative data:

- 🔒 Practical issues around confidentiality and data heterogeneity 
- 🤫 Ethical commitments to participant trust 
- 🧠 Epistemological traditions that value embodied research presence 
- 📊 The predominantly quantitative origins of current open science frameworks

The FAIRqual project represents our commitment to advancing open research practices while respecting the unique requirements of qualitative research. 🌱 We’re collaboratively developing new approaches that honor both open science principles and methodological integrity, creating pathways for more inclusive research practices. 🌐

💡 Explore our full presentation: https://fairqual.org/gallery/slides/

#OpenScience #QualitativeResearch #FAIR #Transdisciplinarity #OpenData"
108,2025-06-19T00:00:00Z,member-gj3t,"🎯 Every Monday at GHE, we kick off our team meeting with a twist!

Instead of the usual round-robin updates, we ask a ""Question of the Week"" that determines our speaking order. After 47 weeks of questions, we've built quite the dataset! 📊

A while ago, we had a question that sparked some interesting insights:

How many vacation days would you like per year?"" 🏖️

Here’s what we discovered:
- Team members' dream vacation allowance ranges from **40 to 100 days**
- The **average** is **52 days** – that's **2.6x the current ETH standard of 20 days**
- The numbers reflect a team that values: rest and recovery, space to pursue passions outside of work
📈 The visualization shows each team member's preference (anonymized) compared to our group average. Where would you place yourself on this scale?

🤔 Question for you:  
If you could design your ideal work year, how many vacation days would it include? And more importantly – what would you do with that time?"
109,2025-06-26T00:00:00Z,member-zt6s,"🌟 Another productive week at GHE! Our team has been diving deep into ongoing projects here in Zurich, while part of our crew is hard at work in Blantyre, Malawi.

Here, we share the most fan-tastic moments of our week—reminding us that sometimes the best ideas come with a refreshing breeze! 😄

What’s your secret to staying cool while working hard?

#StayCool"
110,2025-07-03T00:00:00Z,member-wkou,"""Measure twice, cut once"" can be difficult to apply to iterative software and hardware development, but is important when deploying hardware far away 🌍.  For our remote sensor data acquisition and transmission device, we put the chances on our side by testing as many cases as possible in the lab. It was a delight when a prototype sent to Mzuzu, Malawi 🇲🇼 worked right out of the box!

💻 Software and firmware: Fiona Muntwyler
⚡ Electronics: Nicolas Seemann-Ricard
🛠️ Field testing: Padraic Casserly"
111,2025-07-10T00:00:00Z,member-gu8s,"Our PhD student, Padraic Casserly, is currently in Mzuzu 🇲🇼 , busy setting up and testing various components of the newly installed biogas reactor. The goal of this installation is to evaluate the performance of biogas reactors under real-world conditions. 🧪 With the assistance of the two biogas operators, Mwai Kandaya and Esau Phiri, they are now conducting their initial pathogen tests. 🔬 

Want to learn more about this project? You can find all our biogas-related research under the ""Publications"" tab on our website! 📚"
112,2025-07-17T00:00:00Z,member-pzlu,"Great to see research making a real-world impact! 🎉

Dominic Wälti’s master’s thesis (available here: https://doi.org/10.3929/ethz-b-000646138) led to the development of a tipping aid, now used by ERZ. The tool improves working conditions and safety for frontline workers: a great example of how academic work can directly support essential public services.

Thesis to implementation takes time, but the result is a practical innovation that makes a difference."
113,NA,member-0iz8,"Last month, GHE hosted its first ever makeathon! 🛠️

In partnership with @[ETH4D], Fondation Latsis, and @[UW-Madison College of Engineering] Design Innovation Lab, GHE members @[Rebecca Alcock] and @[Padraic Casserly] facilitated the event at @[Student Project House], titled “Weathering Change: A Mini Makeathon for Climate Adaptation.” 

During a quick 28 hours, students were charged with finding innovative solutions to climate change challenges for coastal communities in Bangladesh 🇧🇩 Read all about it in our newest blog post."
114,2025-07-24T00:00:00Z,member-890s,"🚀 The future of open science is here, and it's powered by AI!
Last week, we hosted the first-ever openwashdata conference 🌍✨and our AI hackathon delivered incredible prototypes:
📊 Interactive dashboards
 🎯 Data visualizations
 📝 Automated slide creation
 📚 Streamlined research publishing
 🗄️ Smart data management
 🔍 Image recognition
The goal isn't just faster research - it's about making research more accessible and reproducible. AI handles routine tasks so researchers can focus on the actual discovery work.
What AI tools are transforming your daily workflow? Which models are you using? Share your biggest AI win below! 👇
#OpenScience #AI #DataScience #Research #wash"
115,2025-07-31T00:00:00Z,member-l5ex,"When it's too hot in the office to work, it's best to just go llama trekking 🦙    
https://www.yacana.ch/ (not a paid advertisement, just a good recommendation from us to you)"
116,2025-08-07T00:00:00Z,member-zt6s,"Want to learn about plastic bag recycling? 🔄 Six weeks ago, @Elizabeth Tilley, Thalia Laios, @Padraic Casserly and @Waste Advisors interns visited Green Pak near Blantyre, Malawi 🇲🇼 - and captured this fascinating transformation process on video.

Watch plastic waste become woven bags through mechanical recycling: collection & sorting → shredding into flakes → melt extrusion (yes, ""spaghettified""  🍝 into molten strands!) → film formation → weaving into durable fabric. 

Malawi's plastic crisis: The country produces 75,000 tonnes of plastic annually, with 80% being single-use and non-recyclable (UNDP/Turpie et al., 2019). More critically, an estimated 28,000-32,000 tonnes of mismanaged plastic waste enters the environment each year due to a 42% waste collection rate (UNDP, 2019).

Why this matters : Facilities like Green Pak provide alternatives to the 15 (!) currently operating plastic manufacturing companies in Malawi (UNDP/Turpie et al., 2019). Each woven bag represents approximately 50-100 discarded items diverted from Lake Malawi and urban drainage systems.

Have you seen similar initiatives tackling plastic waste in your region?"
118,2025-08-21T00:00:00Z,member-gj3t,"Did you know we are teaching a free 9-week ""Data Science with R"" course soon? Curious to learn more, or not sure if it’s the right fit for you? 🤔

Join our Q&A session about the course, happening tomorrow:

📅 Date: Tuesday, August 26, 1:00 – 2:00 PM (CET)

🔗 Registration: https://lnkd.in/der4JeVH

Looking forward to seeing you there!"
119,2025-08-28T00:00:00Z,member-l5ex,"🤔what would you pay to have your trash collected?  Would you, as a tourist pay to keep trash off the beach? 🏖️ These were the questions we answered in our new paper: ""Willingness to pay for and economic feasibility of solid waste management in Cape Maclear, Malawi” Big congratulations 🎉 to @Elena Abgottspon who conducted this research as part of her Master thesis.  https://doi.org/10.1016/j.rcradv.2025.200281"
120,2025-09-04T00:00:00Z,member-gu8s,"Citations are only part of the story. 

At GHE, we're going beyond traditional metrics and harness metadata from a variety of digital platforms (e.g., ETH's Research Collection or LinkedIn) to measure our work's reach. 🚀

In our latest blog post, Colin Walder highlights some of the data sources we use to redefine how we measure research visibility and invites you to join us in this important conversation. 🤝

#ResearchImpact #Metrics #OpenScience #ETHZurich"
121,2025-09-11T00:00:00Z,member-gj3t,"ICYMI: We have a fully funded 4-year PhD position on offer 🎓.

You will be working in an interdisciplinary group where your unique contribution matters more than your track record 🤝. We are a mix of engineers, social scientists, biologists, and data scientists, using both qualitative and quantitative methods. All that, and we are settled in D-MAVT at ETH Zurich 🌍.

Interested? Learn more about the topic here: https://jobs.ethz.ch/job/view/JOPG_ethz_fsWi95XOWGWHD8hRM1"
122,2025-09-18T00:00:00Z,member-f4ib,"At ETH Zurich’s Global Health Engineering group, we’ve developed a new biogas monitoring sensor that measures gas flow, methane concentration, pressure, and temperature in household biodigesters. With a solar-powered communication module, it delivers real-time, reliable data on how much biogas is produced and used.

Why does this matter? For smallholder farmers, biodigesters aren’t just clean energy systems—they also unlock carbon crediting, where reduced emissions can be verified and sold to generate income. But in Kenya (and much of Africa), crediting often relies on proxy data and assumptions, creating uncertainty and undervaluing impact.

That’s where our sensor comes in. By piloting it in Kenya with St. Paul’s University, we aim to:
✅ Strengthen carbon credit verification
✅ Boost trust in carbon markets
✅ Unlock fairer financing for farmers
✅ Provide insights to improve biodigester performance

Kenya’s vibrant carbon market ecosystem makes it the perfect place to start. This pilot is just the first step, but it could transform how household biogas systems are measured and valued—locally and globally.

💡 We’re excited to see where this leads and to keep building bridges between technology, climate action, and livelihoods."
123,2025-09-25T00:00:00Z,member-890s,"We've completed the first three weeks of the second iteration of Data Science for Open WASH Data (ds4owd-002) 🎉

143 WASH professionals have registered for the course, with strong participation from Nigeria 🇳🇬 (16), Ghana 🇬🇭 (12), Switzerland 🇨🇭 (11), and South Africa 🇿🇦 (11). We're excited to have 38% female participants, bringing diverse perspectives to the field. 💪 

Through hands-on project-based learning and following open science principles, participants are mastering R, tidyverse, GitHub, and Quarto to transform WASH data into reproducible insights. Each learner will complete a capstone project with their own dataset, making a valuable contribution to the openwashdata community. 📊

Kudos 🙌 to Lars Schöbitz, Nicolò Massari and Adriana Clavijo Daza for their dedication in making this learning experience engaging and impactful."
124,2025-10-02T00:00:00Z,member-mbh2,"📢 Air quality in Blantyre, Malawi!

We measured black carbon (BC)—a pollutant harmful to 🌍 climate and 🫁 health.

💨 Average concentrations were 3.85 µg/m³ in the dry winter months, comparable to bigger sub-Saharan African cities. With Blantyre still urbanizing, pollution could worsen without action. 

🚫 Unfortunately, there are no regulatory standards for ambient BC concentrations—despite its health and climate impacts—raising questions about what levels are safe and highlighting the need for both research and regulation.

✨ This is the first study in Malawi to identify BC sources, using locally determined AAE values to distinguish fossil fuel from biomass burning.

📖 Read our paper: https://lnkd.in/gsHq3sUt

👥 Authors: @Saloni Vijay, @Hope Kelvin Chilunga, @Lars Schöbitz & @Elizabeth Tilley"
125,2025-10-09T00:00:00Z,member-h8if,"Manually counting thousands of Black Soldier Fly larvae is a time-consuming steps in the breeding process.

We are thrilled to showcase the fantastic work of our Master's student, Jonas Biner, who has tackled this challenge head-on. Jonas has designed and built an innovative counting machine that streamlines this critical step, giving a short cut to fast and precise Larvae counting.

This is a brilliant example how Students at GHE can help bringing innovation where it is needed. Congratulations, Jonas, on this outstanding achievement!"
126,2025-10-16T00:00:00Z,member-pzlu,"We are opening a new workshop to enhances our manufacturing and prototyping capabilities with equipment for plastic, wood, and metal milling, plus dedicated spaces for woodworking and metalworking. We're looking forward to turning more ideas into tangible solutions for the Global South."
127,2025-10-19T00:00:00Z,member-mbh2,"🎉 Congratulations to our PhD student, Saloni Vijay! 🎉

At the 43rd @American Association for Aerosol Research (AAAR) Conference in Buffalo, New York, Saloni won the Student Platform Presentation Award.

In the Aerosol Exposure session, she presented on “Black Carbon Emissions from Open Waste Burning in Blantyre, Malawi: Human Exposure and Respiratory Health Risks.”

We are very proud of Saloni and everyone who contributed to this important project! 👏

#AAAR2025"
129,2025-10-30T00:00:00Z,member-s6a2,"♻️Reduce, reuse, RECYCLE – the ongoing battle against plastic waste 🗑️

How do we get from a mountain ⛰️of mixed plastic waste to reusable material? This question was tackled by @Sven Prinz, one of our master students in mechanical engineering. 

Sven spent three months in Blantyre 🇲🇼building a low-cost prototype that separates mixed plastic waste into different types with a resulting purity of >95%🥳. Now, @Waste Advisers and @Art Mal can use these separated plastics to produce their products ♳♴♵."
130,2025-11-06T00:00:00Z,member-jm0e,"""Low-cost"" doesn't mean ""low-quality"", it means innovation and ingenuity 💡

Traditional ultrasonic flow sensors are expensive. Our Master's student Samuele Scettrini is transforming what used to be sophisticated lab and industrial technology into a robust, field-ready sensing solution.
Affordable and accurate biogas flow sensing enables proper project evaluation and paves the way for Digital Monitoring, Reporting and Verification (dMRV) of carbon credits generated by biogas cookstove projects. This bridges the gap between smallholder farmers and carbon markets, turning environmental impact into economic opportunity.

Great to see engineering that makes advanced technology accessible where it's needed most!🌍"
131,2025-11-13T00:00:00Z,member-vmq0,"🚽 November 19th is World Toilet day! 🚽

It is an official United Nations observance day that raises awareness of the over 3 billion people living without access to safe toilets, and the critical importance that access to safe toilets has for public health, dignity, and personal safery, especially for women and girls. 

At GHE, we are currently supervising 23 MSc and BSc projects, out of which 13 students are working on projects related to water, sanitation and hygiene.

With this, it is our goal to contribute to SDG 6, which aims to ""Ensure availability and sustainable management of water and sanitation for all"".

🇺🇳 You can read more about the World Toilet Day on the UN website: https://www.un.org/en/observances/toilet-day."
134,2025-12-04T00:00:00Z,member-gj3t,"Last Friday, Lars Schöbitz participated in the 4th Annual Meeting of the Swiss Reproducibility Network. One of the many highlights was the talk by Katrin Milzow of the Swiss National Science Foundation SNSF Research Development Department.

Katrin noted that the SNSF has identified important gaps and the need to move beyond focusing solely on the submission of Data Management Plans to must-have FAIR and open digital research objects. In her presentation, she outlined three key levers to reinforce FAIR practices throughout the grant life cycle.

A “consideration by the evaluation body” for the proposal or project plan is an approach we thoroughly support.

National ORD Action Plan (see D1.2): https://openresearchdata.swiss/wp-content/uploads/2023/11/EPFL_ORD_ActionPlanV1.0_December_2021_def.pdf"
135,2025-12-11T00:00:00Z,member-890s,"📢 Last week, we had the chance to present our new R package for data publication, fairenough, at the LatinR conference! 🎉

As the name suggests, our package helps implement the FAIR principles (Findable, Accessible, Interoperable, Reusable), making the process of publishing datasets smoother. 📊✨

@LatinR is a fantastic initiative that strengthens diversity in the R community by creating space for Spanish and Portuguese-speaking developers and researchers. 🌎 It was great to present to such an engaged community that's always eager to share knowledge with open source enthusiasts! 💡🤝

🎥 Visit the LatinR YouTube channel to find our presentation and many other insightful talks: https://www.youtube.com/@LatinR
📦 Learn more about fairenough here: https://openwashdata.github.io/fairenough/"
136,2025-12-18T00:00:00Z,member-mbh2,"✨ Ending the year with some good news! ✨

Big congratulations to @Saloni for winning First Prize for her lightning talk at the @14th Asian Aerosol Conference (AAC 2025). In her talk, she shared our group's work on lung function and respiratory health among informal waste pickers in Malawi.

This is Saloni’s second award this year, and we couldn’t be happier to see her work getting this recognition."
137,2026-01-08T00:00:00Z,member-h8if,"Next stop: Nairobi,  🇰🇪 ✈️

We are thrilled to announce that our first set of biogas sensor units are assembled, packed, and ready for their journey to Kenya.

By the end of January, these sensors will be installed on local biogas plants, to monitor methane production in a real world environment.💩💨
They will help understand how small scale biogas plants are being used and how they contribute to reducing greenhouse gas emissions."
