"date","impressions","clicks","reactions","comments","reposts","engagement_rate"
"2023-08-07",89,4,2,0,0,0.06741573033707865
"2023-08-08",335,12,15,1,4,0.0955223880597015
"2023-08-09",123,2,4,0,0,0.04878048780487805
"2023-08-10",72,1,2,0,0,0.041666666666666664
"2023-08-11",621,17,27,3,1,0.07729468599033816
"2023-08-12",341,15,7,1,0,0.06744868035190615
"2023-08-13",205,10,5,0,0,0.07317073170731707
"2023-08-14",788,32,32,0,1,0.08248730964467005
"2023-08-15",242,10,8,0,0,0.0743801652892562
"2023-08-16",196,5,6,0,0,0.05612244897959184
"2023-08-17",209,9,5,0,0,0.06698564593301436
"2023-08-18",109,4,3,0,0,0.06422018348623854
"2023-08-19",64,3,1,0,0,0.0625
"2023-08-20",59,1,3,0,0,0.06779661016949153
"2023-08-21",1081,61,23,1,4,0.08233117483811286
"2023-08-22",304,29,12,0,0,0.13486842105263158
"2023-08-23",247,10,0,0,0,0.04048582995951417
"2023-08-24",155,8,5,2,0,0.0967741935483871
"2023-08-25",99,4,0,0,0,0.04040404040404041
"2023-08-26",72,6,0,0,0,0.08333333333333333
"2023-08-27",105,3,0,0,0,0.02857142857142857
"2023-08-28",548,34,23,0,1,0.10583941605839416
"2023-08-29",359,9,12,0,2,0.06406685236768803
"2023-08-30",70,4,12,0,1,0.24285714285714285
"2023-08-31",126,5,2,0,0,0.05555555555555555
"2023-09-01",58,0,2,0,0,0.034482758620689655
"2023-09-02",38,1,2,0,0,0.07894736842105263
"2023-09-03",134,7,1,0,0,0.05970149253731343
"2023-09-04",162,5,11,0,0,0.09876543209876543
"2023-09-05",357,6,12,2,1,0.058823529411764705
"2023-09-06",408,18,11,0,-3,0.06372549019607843
"2023-09-07",204,8,4,0,0,0.058823529411764705
"2023-09-08",117,1,4,0,0,0.042735042735042736
"2023-09-09",135,15,0,0,0,0.1111111111111111
"2023-09-10",152,10,3,0,0,0.08552631578947369
"2023-09-11",380,11,17,2,1,0.08157894736842106
"2023-09-12",800,41,18,2,2,0.07875
"2023-09-13",201,9,1,0,0,0.04975124378109453
"2023-09-14",138,7,3,0,1,0.07971014492753623
"2023-09-15",111,0,1,0,0,0.009009009009009009
"2023-09-16",146,3,1,1,0,0.03424657534246575
"2023-09-17",102,1,0,0,0,0.00980392156862745
"2023-09-18",653,41,18,1,0,0.09188361408882083
"2023-09-19",709,37,22,2,1,0.08744710860366714
"2023-09-20",351,10,9,1,0,0.05698005698005698
"2023-09-21",155,7,4,3,0,0.09032258064516129
"2023-09-22",166,1,6,1,0,0.04819277108433735
"2023-09-23",202,12,7,2,0,0.10396039603960396
"2023-09-24",203,15,4,0,0,0.09359605911330049
"2023-09-25",727,54,26,0,1,0.11141678129298486
"2023-09-26",297,26,12,0,0,0.12794612794612795
"2023-09-27",127,10,2,0,0,0.09448818897637795
"2023-09-28",148,9,3,0,0,0.08108108108108109
"2023-09-29",216,11,5,1,0,0.0787037037037037
"2023-09-30",173,15,1,0,0,0.09248554913294797
"2023-10-01",148,11,1,0,0,0.08108108108108109
"2023-10-02",302,8,12,0,0,0.06622516556291391
"2023-10-03",1060,27,18,8,4,0.05377358490566038
"2023-10-04",415,23,1,1,0,0.060240963855421686
"2023-10-05",239,6,2,1,0,0.03765690376569038
"2023-10-06",259,7,3,0,1,0.04247104247104247
"2023-10-07",105,1,0,1,1,0.02857142857142857
"2023-10-08",164,1,0,1,0,0.012195121951219513
"2023-10-09",1028,25,24,2,0,0.04961089494163424
"2023-10-10",1172,28,34,7,1,0.059726962457337884
"2023-10-11",763,38,5,0,0,0.0563564875491481
"2023-10-12",319,4,4,0,0,0.025078369905956112
"2023-10-13",467,17,4,0,0,0.044967880085653104
"2023-10-14",277,10,4,0,0,0.05054151624548736
"2023-10-15",284,14,2,0,0,0.056338028169014086
"2023-10-16",807,41,18,0,1,0.07434944237918216
"2023-10-17",259,8,2,0,0,0.03861003861003861
"2023-10-18",157,13,0,0,0,0.08280254777070063
"2023-10-19",125,2,1,0,0,0.024
"2023-10-20",163,3,4,0,0,0.04294478527607362
"2023-10-21",135,4,4,1,0,0.06666666666666667
"2023-10-22",126,7,0,0,0,0.05555555555555555
"2023-10-23",528,38,25,0,1,0.12121212121212122
"2023-10-24",590,24,21,0,1,0.07796610169491526
"2023-10-25",281,15,10,0,1,0.09252669039145907
"2023-10-26",239,5,3,0,2,0.04184100418410042
"2023-10-27",130,4,1,0,0,0.038461538461538464
"2023-10-28",76,6,1,0,0,0.09210526315789473
"2023-10-29",142,1,3,0,0,0.028169014084507043
"2023-10-30",1824,59,56,1,0,0.06359649122807018
"2023-10-31",979,41,25,0,1,0.06843718079673136
"2023-11-01",584,21,9,0,0,0.05136986301369863
"2023-11-02",450,5,7,0,0,0.02666666666666667
"2023-11-03",249,6,3,0,0,0.03614457831325301
"2023-11-04",219,4,1,1,0,0.0273972602739726
"2023-11-05",238,12,4,0,0,0.06722689075630252
"2023-11-06",1526,33,25,1,1,0.039318479685452164
"2023-11-07",850,20,16,0,0,0.042352941176470586
"2023-11-08",605,22,5,0,0,0.04462809917355372
"2023-11-09",619,15,14,2,0,0.050080775444264945
"2023-11-10",285,7,5,0,0,0.042105263157894736
"2023-11-11",195,11,2,0,0,0.06666666666666667
"2023-11-12",189,6,1,0,0,0.037037037037037035
"2023-11-13",790,33,19,1,0,0.0670886075949367
"2023-11-14",572,17,11,0,0,0.04895104895104895
"2023-11-15",564,36,10,1,2,0.08687943262411348
"2023-11-16",297,15,8,1,0,0.08080808080808081
"2023-11-17",540,20,8,0,0,0.05185185185185185
"2023-11-18",283,13,8,0,0,0.07420494699646643
"2023-11-19",266,15,1,0,0,0.06015037593984962
"2023-11-20",234,6,19,2,0,0.11538461538461539
"2023-11-21",316,8,10,1,0,0.060126582278481014
"2023-11-22",90,2,9,0,0,0.12222222222222222
"2023-11-23",61,1,3,0,0,0.06557377049180328
"2023-11-24",32,3,0,0,0,0.09375
"2023-11-25",56,0,3,0,0,0.05357142857142857
"2023-11-26",31,0,1,0,0,0.03225806451612903
"2023-11-27",54,1,1,0,0,0.037037037037037035
"2023-11-28",169,4,6,0,0,0.05917159763313609
"2023-11-29",75,1,1,0,0,0.02666666666666667
"2023-11-30",55,0,0,0,0,0
"2023-12-01",371,22,39,2,1,0.1725067385444744
"2023-12-02",116,2,5,0,0,0.0603448275862069
"2023-12-03",29,1,3,0,0,0.13793103448275862
"2023-12-04",334,16,10,3,0,0.08682634730538923
"2023-12-05",317,15,7,2,0,0.07570977917981073
"2023-12-06",96,3,5,0,0,0.08333333333333333
"2023-12-07",64,1,7,0,0,0.125
"2023-12-08",332,10,25,0,0,0.10542168674698796
"2023-12-09",118,4,5,0,0,0.07627118644067797
"2023-12-10",75,4,4,0,0,0.10666666666666667
"2023-12-11",456,11,13,0,1,0.05482456140350877
"2023-12-12",376,6,8,0,0,0.03723404255319149
"2023-12-13",221,6,4,1,0,0.049773755656108594
"2023-12-14",62,2,7,1,0,0.16129032258064516
"2023-12-15",88,5,1,0,0,0.06818181818181818
"2023-12-16",74,0,0,0,0,0
"2023-12-17",68,1,3,0,0,0.058823529411764705
"2023-12-18",59,0,1,0,0,0.01694915254237288
"2023-12-19",35,0,2,0,-1,0.02857142857142857
"2023-12-20",22,1,0,0,0,0.045454545454545456
"2023-12-21",82,2,0,0,0,0.024390243902439025
"2023-12-22",52,4,0,0,0,0.07692307692307693
"2023-12-23",20,2,0,0,0,0.1
"2023-12-24",28,0,0,0,0,0
"2023-12-25",69,1,1,0,0,0.028985507246376812
"2023-12-26",31,1,0,0,0,0.03225806451612903
"2023-12-27",42,2,0,0,0,0.047619047619047616
"2023-12-28",52,2,2,0,0,0.07692307692307693
"2023-12-29",26,0,2,0,0,0.07692307692307693
"2023-12-30",8,0,0,0,0,0
"2023-12-31",16,0,0,0,0,0
"2024-01-01",50,0,2,0,0,0.04
"2024-01-02",34,0,2,0,0,0.058823529411764705
"2024-01-03",23,3,0,0,0,0.13043478260869565
"2024-01-04",9,0,0,0,0,0
"2024-01-05",9,0,0,0,0,0
"2024-01-06",12,0,0,0,0,0
"2024-01-07",34,1,0,0,0,0.029411764705882353
"2024-01-08",26,1,2,0,0,0.11538461538461539
"2024-01-09",12,0,0,0,0,0
"2024-01-10",14,1,0,0,0,0.07142857142857142
"2024-01-11",188,1,5,0,0,0.031914893617021274
"2024-01-12",40,0,1,0,0,0.025
"2024-01-13",15,0,0,0,0,0
"2024-01-14",30,1,0,0,0,0.03333333333333333
"2024-01-15",2345,98,33,0,1,0.05628997867803838
"2024-01-16",725,17,13,0,0,0.041379310344827586
"2024-01-17",222,2,0,0,0,0.009009009009009009
"2024-01-18",166,4,6,1,0,0.06626506024096386
"2024-01-19",104,2,2,0,0,0.038461538461538464
"2024-01-20",116,2,1,0,0,0.02586206896551724
"2024-01-21",128,7,3,0,0,0.078125
"2024-01-22",614,21,16,0,1,0.06188925081433225
"2024-01-23",268,10,7,0,1,0.06716417910447761
"2024-01-24",136,1,1,0,0,0.014705882352941176
"2024-01-25",95,2,2,0,0,0.042105263157894736
"2024-01-26",735,6,0,0,0,0.00816326530612245
"2024-01-27",72,3,0,0,0,0.041666666666666664
"2024-01-28",68,2,1,0,0,0.04411764705882353
"2024-01-29",487,17,10,0,0,0.055441478439425054
"2024-01-30",184,7,5,0,0,0.06521739130434782
"2024-01-31",54,1,0,0,0,0.018518518518518517
"2024-02-01",47,0,0,0,0,0
"2024-02-02",79,1,0,0,0,0.012658227848101266
"2024-02-03",31,0,1,0,0,0.03225806451612903
"2024-02-04",53,0,1,0,0,0.018867924528301886
"2024-02-05",2801,127,87,3,4,0.07890039271688683
"2024-02-06",807,26,22,0,0,0.05947955390334572
"2024-02-07",347,13,11,0,0,0.069164265129683
"2024-02-08",357,15,7,0,0,0.06162464985994398
"2024-02-09",230,9,5,0,0,0.06086956521739131
"2024-02-10",162,5,0,0,0,0.030864197530864196
"2024-02-11",137,5,1,0,0,0.043795620437956206
"2024-02-12",146,2,3,0,0,0.03424657534246575
"2024-02-13",108,5,1,0,0,0.05555555555555555
"2024-02-14",2454,83,23,1,1,0.044009779951100246
"2024-02-15",260,21,31,2,0,0.2076923076923077
"2024-02-16",66,7,9,1,0,0.25757575757575757
"2024-02-17",33,2,4,1,0,0.21212121212121213
"2024-02-18",21,0,4,0,0,0.19047619047619047
"2024-02-19",350,12,65,3,0,0.22857142857142856
"2024-02-20",858,25,10,1,1,0.04312354312354312
"2024-02-21",689,34,8,0,0,0.06095791001451379
"2024-02-22",1049,79,23,0,4,0.10104861773117255
"2024-02-23",934,35,9,0,1,0.048179871520342615
"2024-02-24",565,22,3,0,0,0.04424778761061947
"2024-02-25",344,14,1,0,0,0.0436046511627907
"2024-02-26",233,7,2,0,1,0.04291845493562232
"2024-02-27",212,3,1,0,0,0.018867924528301886
"2024-02-28",555,30,9,0,1,0.07207207207207207
"2024-02-29",200,9,5,0,0,0.07
"2024-03-01",128,2,0,0,0,0.015625
"2024-03-02",118,2,0,0,0,0.01694915254237288
"2024-03-03",120,4,1,0,0,0.041666666666666664
"2024-03-04",101,4,0,0,0,0.039603960396039604
"2024-03-05",111,3,1,0,0,0.036036036036036036
"2024-03-06",116,6,0,0,0,0.05172413793103448
"2024-03-07",537,10,6,0,0,0.0297951582867784
"2024-03-08",303,9,4,0,0,0.0429042904290429
"2024-03-09",170,2,4,1,0,0.041176470588235294
"2024-03-10",132,3,0,0,0,0.022727272727272728
"2024-03-11",901,40,38,2,1,0.08990011098779134
"2024-03-12",756,26,12,0,0,0.05026455026455026
"2024-03-13",213,10,8,0,0,0.08450704225352113
"2024-03-14",149,4,5,0,0,0.06040268456375839
"2024-03-15",279,17,3,0,0,0.07168458781362007
"2024-03-16",195,7,4,0,0,0.05641025641025641
"2024-03-17",118,3,0,0,0,0.025423728813559324
"2024-03-18",661,22,15,0,0,0.05597579425113464
"2024-03-19",217,6,4,0,0,0.04608294930875576
"2024-03-20",162,3,0,0,0,0.018518518518518517
"2024-03-21",349,20,2,0,0,0.06303724928366762
"2024-03-22",223,9,2,0,0,0.04932735426008968
"2024-03-23",97,5,0,0,0,0.05154639175257732
"2024-03-24",127,6,3,0,0,0.07086614173228346
"2024-03-25",645,20,13,0,0,0.05116279069767442
"2024-03-26",179,7,2,1,0,0.055865921787709494
"2024-03-27",242,11,4,0,0,0.06198347107438017
"2024-03-28",164,4,2,0,0,0.036585365853658534
"2024-03-29",98,7,2,0,0,0.09183673469387756
"2024-03-30",42,1,0,0,0,0.023809523809523808
"2024-03-31",223,11,1,0,0,0.053811659192825115
"2024-04-01",101,3,1,0,0,0.039603960396039604
"2024-04-02",691,23,12,1,0,0.05209840810419682
"2024-04-03",204,11,8,2,0,0.10294117647058823
"2024-04-04",126,6,3,0,0,0.07142857142857142
"2024-04-05",331,13,16,0,1,0.09063444108761329
"2024-04-06",156,5,2,0,0,0.04487179487179487
"2024-04-07",91,2,2,0,0,0.04395604395604396
"2024-04-08",148,1,5,0,0,0.04054054054054054
"2024-04-09",817,27,20,2,1,0.06119951040391677
"2024-04-10",830,62,18,0,1,0.09759036144578313
"2024-04-11",333,27,4,0,0,0.09309309309309309
"2024-04-12",210,4,3,1,0,0.0380952380952381
"2024-04-13",158,5,1,0,0,0.0379746835443038
"2024-04-14",112,1,0,0,0,0.008928571428571428
"2024-04-15",657,12,11,0,0,0.0350076103500761
"2024-04-16",204,6,3,0,0,0.04411764705882353
"2024-04-17",1248,66,22,0,0,0.07051282051282051
"2024-04-18",366,14,6,0,0,0.0546448087431694
"2024-04-19",182,11,2,0,0,0.07142857142857142
"2024-04-20",201,6,0,0,0,0.029850746268656716
"2024-04-21",159,3,1,0,0,0.025157232704402517
"2024-04-22",763,40,20,1,0,0.0799475753604194
"2024-04-23",587,21,6,0,0,0.04599659284497445
"2024-04-24",182,6,0,0,0,0.03296703296703297
"2024-04-25",259,7,0,0,0,0.02702702702702703
"2024-04-26",127,4,0,0,0,0.031496062992125984
"2024-04-27",96,0,0,0,0,0
"2024-04-28",150,6,0,0,0,0.04
"2024-04-29",2660,141,66,1,0,0.07819548872180451
"2024-04-30",1197,63,24,4,0,0.07602339181286549
"2024-05-01",513,20,10,0,0,0.05847953216374269
"2024-05-02",337,6,13,0,0,0.05637982195845697
"2024-05-03",457,12,9,0,0,0.045951859956236324
"2024-05-04",402,10,2,0,0,0.029850746268656716
"2024-05-05",361,24,3,0,0,0.07479224376731301
"2024-05-06",746,32,17,2,0,0.06836461126005362
"2024-05-07",757,33,15,2,0,0.06605019815059446
"2024-05-08",489,13,7,0,0,0.0408997955010225
"2024-05-09",322,12,1,0,0,0.040372670807453416
"2024-05-10",248,4,0,0,0,0.016129032258064516
"2024-05-11",179,7,3,1,0,0.061452513966480445
"2024-05-12",241,12,2,0,0,0.058091286307053944
"2024-05-13",1006,115,34,0,0,0.1481113320079523
"2024-05-14",304,49,9,0,0,0.19078947368421054
"2024-05-15",2161,78,58,5,0,0.06524757056918093
"2024-05-16",821,25,20,1,0,0.05602923264311815
"2024-05-17",779,49,22,2,0,0.09370988446726572
"2024-05-18",496,56,14,1,0,0.1431451612903226
"2024-05-19",304,19,3,0,0,0.07236842105263158
"2024-05-20",1542,86,24,0,0,0.07133592736705577
"2024-05-21",768,18,-6,0,0,0.015625
"2024-05-22",195,4,4,0,0,0.041025641025641026
"2024-05-23",152,1,5,0,0,0.039473684210526314
"2024-05-24",252,13,5,0,0,0.07142857142857142
"2024-05-25",208,17,2,0,0,0.09134615384615384
"2024-05-26",188,7,1,0,0,0.0425531914893617
"2024-05-27",445,20,4,0,0,0.05393258426966292
"2024-05-28",213,12,1,0,0,0.06103286384976526
"2024-05-29",108,3,2,0,0,0.046296296296296294
"2024-05-30",110,2,1,0,0,0.02727272727272727
"2024-05-31",80,5,2,0,0,0.0875
"2024-06-01",144,15,3,0,0,0.125
"2024-06-02",110,6,1,0,0,0.06363636363636363
"2024-06-03",800,29,20,1,0,0.0625
"2024-06-04",199,9,5,0,0,0.07035175879396985
"2024-06-05",116,3,3,0,0,0.05172413793103448
"2024-06-06",1289,39,13,0,0,0.04034134988363072
"2024-06-07",272,3,1,0,0,0.014705882352941176
"2024-06-08",171,7,2,0,0,0.05263157894736842
"2024-06-09",195,6,1,0,0,0.035897435897435895
"2024-06-10",953,28,18,0,0,0.048268625393494226
"2024-06-11",854,89,26,0,0,0.13466042154566746
"2024-06-12",391,36,10,0,0,0.11764705882352941
"2024-06-13",771,42,19,2,0,0.08171206225680934
"2024-06-14",278,20,10,0,0,0.1079136690647482
"2024-06-15",323,25,20,0,1,0.14241486068111456
"2024-06-16",196,8,6,0,0,0.07142857142857142
"2024-06-17",416,9,18,0,0,0.06490384615384616
"2024-06-18",199,15,10,1,0,0.1306532663316583
"2024-06-19",179,8,2,0,0,0.055865921787709494
"2024-06-20",134,3,0,0,0,0.022388059701492536
"2024-06-21",186,1,3,0,0,0.021505376344086023
"2024-06-22",100,10,1,0,0,0.11
"2024-06-23",93,3,1,0,0,0.043010752688172046
"2024-06-24",1833,89,50,0,0,0.07583196944899072
"2024-06-25",909,59,31,2,0,0.10121012101210121
"2024-06-26",2516,163,43,2,2,0.0834658187599364
"2024-06-27",866,48,14,0,1,0.07274826789838337
"2024-06-28",442,14,6,0,0,0.04524886877828054
"2024-06-29",272,19,3,0,0,0.08088235294117647
"2024-06-30",205,5,3,0,0,0.03902439024390244
"2024-07-01",497,29,14,0,0,0.08651911468812877
"2024-07-02",902,50,16,1,0,0.07427937915742794
"2024-07-03",588,31,10,0,0,0.06972789115646258
"2024-07-04",400,22,0,0,0,0.055
"2024-07-05",240,11,0,0,0,0.04583333333333333
"2024-07-06",169,8,2,0,0,0.05917159763313609
"2024-07-07",180,6,2,0,0,0.044444444444444446
"2024-07-08",390,14,5,0,0,0.04871794871794872
"2024-07-09",167,2,3,0,0,0.029940119760479042
"2024-07-10",174,21,13,0,0,0.19540229885057472
"2024-07-11",164,6,8,0,0,0.08536585365853659
"2024-07-12",106,3,4,0,0,0.0660377358490566
"2024-07-13",92,1,0,0,0,0.010869565217391304
"2024-07-14",68,1,2,0,0,0.04411764705882353
"2024-07-15",808,40,38,1,0,0.09777227722772278
"2024-07-16",611,14,18,0,0,0.05237315875613748
"2024-07-17",748,28,18,1,1,0.06417112299465241
"2024-07-18",229,7,3,1,0,0.048034934497816595
"2024-07-19",164,3,2,0,0,0.03048780487804878
"2024-07-20",128,3,4,0,0,0.0546875
"2024-07-21",154,23,2,0,0,0.16233766233766234
"2024-07-22",1285,65,20,1,1,0.06770428015564202
"2024-07-23",373,12,7,0,0,0.05093833780160858
"2024-07-24",284,5,3,0,0,0.028169014084507043
"2024-07-25",424,19,2,0,1,0.05188679245283019
"2024-07-26",2051,97,25,0,0,0.05948317893710385
"2024-07-27",970,41,11,0,0,0.05360824742268041
"2024-07-28",526,22,4,1,0,0.051330798479087454
"2024-07-29",757,20,8,0,1,0.03830911492734478
"2024-07-30",272,7,0,0,0,0.025735294117647058
"2024-07-31",202,8,1,0,0,0.04455445544554455
"2024-08-01",118,3,1,0,0,0.03389830508474576
"2024-08-02",94,3,0,0,0,0.031914893617021274
"2024-08-03",58,1,0,0,0,0.017241379310344827
"2024-08-04",84,3,0,0,0,0.03571428571428571
"2024-08-05",451,16,7,1,0,0.05321507760532151
"2024-08-06",363,10,9,0,0,0.05234159779614325
"2024-08-07",1284,58,38,3,1,0.0778816199376947
"2024-08-08",710,31,16,0,1,0.0676056338028169
"2024-08-09",301,11,4,0,0,0.04983388704318937
"2024-08-10",281,17,7,2,1,0.09608540925266904
"2024-08-11",400,17,8,0,0,0.0625
"2024-08-12",819,43,13,1,1,0.07081807081807082
"2024-08-13",747,39,22,2,0,0.08433734939759036
"2024-08-14",409,25,9,0,0,0.08312958435207823
"2024-08-15",226,8,8,0,0,0.07079646017699115
"2024-08-16",205,11,4,0,0,0.07317073170731707
"2024-08-17",229,13,3,0,0,0.06986899563318777
"2024-08-18",141,7,0,0,0,0.04964539007092199
"2024-08-19",1159,71,30,0,1,0.08800690250215704
"2024-08-20",1013,63,14,1,0,0.0769990128331688
"2024-08-21",425,7,4,0,0,0.02588235294117647
"2024-08-22",156,5,2,0,0,0.04487179487179487
"2024-08-23",181,6,3,1,0,0.055248618784530384
"2024-08-24",124,11,3,0,0,0.11290322580645161
"2024-08-25",243,12,3,0,0,0.06172839506172839
"2024-08-26",188,5,4,0,0,0.047872340425531915
"2024-08-27",82,4,1,0,0,0.06097560975609756
"2024-08-28",86,2,0,0,0,0.023255813953488372
"2024-08-29",608,58,34,0,2,0.15460526315789475
"2024-08-30",215,10,1,0,0,0.05116279069767442
"2024-08-31",123,7,3,0,0,0.08130081300813008
"2024-09-01",57,4,3,0,0,0.12280701754385964
"2024-09-02",60,0,1,0,0,0.016666666666666666
"2024-09-03",1566,113,18,2,1,0.08556832694763729
"2024-09-04",587,33,14,0,0,0.08006814310051108
"2024-09-05",248,23,2,0,0,0.10080645161290322
"2024-09-06",203,16,2,0,0,0.08866995073891626
"2024-09-07",156,7,2,0,0,0.057692307692307696
"2024-09-08",108,8,0,0,0,0.07407407407407407
"2024-09-09",600,22,16,0,0,0.06333333333333334
"2024-09-10",407,19,4,0,2,0.06142506142506143
"2024-09-11",263,17,8,0,0,0.09505703422053231
"2024-09-12",462,27,11,1,0,0.08441558441558442
"2024-09-13",332,23,8,0,0,0.09337349397590361
"2024-09-14",199,12,5,0,0,0.08542713567839195
"2024-09-15",163,9,2,0,0,0.06748466257668712
"2024-09-16",470,26,12,0,0,0.08085106382978724
"2024-09-17",1580,62,27,1,5,0.060126582278481014
"2024-09-18",386,13,4,0,1,0.046632124352331605
"2024-09-19",212,10,8,0,1,0.08962264150943396
"2024-09-20",128,8,0,0,0,0.0625
"2024-09-21",95,5,6,0,0,0.11578947368421053
"2024-09-22",183,7,2,1,0,0.0546448087431694
"2024-09-23",121,5,1,0,0,0.049586776859504134
"2024-09-24",659,41,18,0,1,0.09104704097116843
"2024-09-25",438,24,13,0,0,0.08447488584474885
"2024-09-26",260,11,3,0,0,0.05384615384615385
"2024-09-27",203,13,2,0,0,0.07389162561576355
"2024-09-28",153,4,1,0,0,0.032679738562091505
"2024-09-29",134,7,1,0,0,0.05970149253731343
"2024-09-30",2299,321,90,0,1,0.17920835145715527
"2024-10-01",685,88,21,0,0,0.1591240875912409
"2024-10-02",260,18,5,1,0,0.09230769230769231
"2024-10-03",277,18,11,1,0,0.10830324909747292
"2024-10-04",225,20,2,0,0,0.09777777777777778
"2024-10-05",147,1,1,0,0,0.013605442176870748
"2024-10-06",111,16,3,0,0,0.17117117117117117
"2024-10-07",455,8,7,0,0,0.03296703296703297
"2024-10-08",154,5,3,0,0,0.05194805194805195
"2024-10-09",187,6,7,0,0,0.06951871657754011
"2024-10-10",111,9,4,1,0,0.12612612612612611
"2024-10-11",120,4,4,2,0,0.08333333333333333
"2024-10-12",151,14,4,0,0,0.11920529801324503
"2024-10-13",178,13,9,0,0,0.12359550561797752
"2024-10-14",131,6,0,0,0,0.04580152671755725
"2024-10-15",96,4,3,0,0,0.07291666666666667
"2024-10-16",93,6,0,0,0,0.06451612903225806
"2024-10-17",110,17,5,0,0,0.2
"2024-10-18",37,1,1,0,0,0.05405405405405406
"2024-10-19",57,5,1,0,0,0.10526315789473684
"2024-10-20",44,2,1,0,0,0.06818181818181818
"2024-10-21",31,0,0,0,0,0
"2024-10-22",33,4,1,0,0,0.15151515151515152
"2024-10-23",56,2,0,0,0,0.03571428571428571
"2024-10-24",45,6,-1,0,0,0.1111111111111111
"2024-10-25",50,3,0,0,0,0.06
"2024-10-26",56,6,1,0,0,0.125
"2024-10-27",46,4,0,0,0,0.08695652173913043
"2024-10-28",731,41,20,2,0,0.08618331053351573
"2024-10-29",231,15,3,1,0,0.08225108225108226
"2024-10-30",199,4,0,1,0,0.02512562814070352
"2024-10-31",100,6,0,0,0,0.06
"2024-11-01",208,15,0,0,0,0.07211538461538461
"2024-11-02",44,1,1,0,0,0.045454545454545456
"2024-11-03",49,2,0,0,0,0.04081632653061224
"2024-11-04",865,38,38,0,0,0.08786127167630058
"2024-11-05",529,13,9,0,0,0.04158790170132325
"2024-11-06",261,15,4,0,0,0.07279693486590039
"2024-11-07",133,8,5,0,0,0.09774436090225563
"2024-11-08",93,5,2,0,0,0.07526881720430108
"2024-11-09",52,0,-3,0,0,-0.057692307692307696
"2024-11-10",46,0,2,0,0,0.043478260869565216
"2024-11-11",4199,206,100,3,0,0.07358894974994046
"2024-11-12",2725,164,69,4,2,0.08770642201834862
"2024-11-13",727,32,13,0,0,0.061898211829436035
"2024-11-14",507,24,10,3,0,0.07297830374753451
"2024-11-15",426,21,7,1,0,0.06807511737089202
"2024-11-16",237,15,3,0,0,0.0759493670886076
"2024-11-17",205,9,2,1,0,0.05853658536585366
"2024-11-18",711,15,7,1,1,0.03375527426160337
"2024-11-19",203,8,1,0,0,0.04433497536945813
"2024-11-20",594,29,16,0,1,0.07744107744107744
"2024-11-21",272,11,5,0,0,0.058823529411764705
"2024-11-22",220,11,3,0,0,0.06363636363636363
"2024-11-23",218,7,2,0,0,0.04128440366972477
"2024-11-24",171,11,1,0,0,0.07017543859649122
"2024-11-25",660,63,32,0,0,0.14393939393939395
"2024-11-26",344,26,9,0,0,0.10174418604651163
"2024-11-27",336,25,10,0,1,0.10714285714285714
"2024-11-28",482,23,7,1,0,0.06431535269709543
"2024-11-29",263,15,1,0,0,0.060836501901140684
"2024-11-30",142,6,2,1,0,0.06338028169014084
"2024-12-01",121,5,0,0,0,0.04132231404958678
"2024-12-02",402,9,12,1,1,0.05721393034825871
"2024-12-03",693,15,9,0,1,0.03607503607503607
"2024-12-04",272,20,5,0,1,0.09558823529411764
"2024-12-05",178,9,5,0,0,0.07865168539325842
"2024-12-06",229,5,4,0,0,0.039301310043668124
"2024-12-07",142,7,5,0,0,0.08450704225352113
"2024-12-08",213,16,0,0,0,0.07511737089201878
"2024-12-09",514,31,13,1,1,0.08949416342412451
"2024-12-10",2292,212,58,1,0,0.11823734729493891
"2024-12-11",2184,205,59,1,0,0.12133699633699634
"2024-12-12",1002,112,15,0,0,0.12674650698602793
"2024-12-13",975,86,25,0,0,0.11384615384615385
"2024-12-14",778,50,4,0,0,0.06940874035989718
"2024-12-15",516,26,4,0,0,0.05813953488372093
"2024-12-16",1499,186,33,2,0,0.14743162108072047
"2024-12-17",717,74,15,0,0,0.12412831241283125
"2024-12-18",354,33,8,0,0,0.11581920903954802
"2024-12-19",300,29,5,1,0,0.11666666666666667
"2024-12-20",265,8,3,0,0,0.04150943396226415
"2024-12-21",273,19,8,0,0,0.0989010989010989
"2024-12-22",350,31,5,0,0,0.10285714285714286
"2024-12-23",200,6,0,0,0,0.03
"2024-12-24",96,5,3,0,0,0.08333333333333333
"2024-12-25",122,10,4,0,0,0.11475409836065574
"2024-12-26",300,15,2,0,0,0.056666666666666664
"2024-12-27",354,24,6,1,0,0.08757062146892655
"2024-12-28",252,18,3,0,0,0.08333333333333333
"2024-12-29",209,13,2,0,0,0.07177033492822966
"2024-12-30",215,8,1,0,0,0.04186046511627907
"2024-12-31",96,3,4,0,0,0.07291666666666667
"2025-01-01",158,16,4,0,0,0.12658227848101267
"2025-01-02",147,10,2,0,0,0.08163265306122448
"2025-01-03",130,5,4,0,0,0.06923076923076923
"2025-01-04",102,11,2,0,0,0.12745098039215685
"2025-01-05",114,7,1,0,0,0.07017543859649122
"2025-01-06",156,11,3,0,0,0.08974358974358974
"2025-01-07",114,8,3,0,0,0.09649122807017543
"2025-01-08",116,9,0,0,0,0.07758620689655173
"2025-01-09",95,1,0,0,0,0.010526315789473684
"2025-01-10",63,1,0,0,0,0.015873015873015872
"2025-01-11",65,4,0,0,0,0.06153846153846154
"2025-01-12",74,6,0,0,0,0.08108108108108109
"2025-01-13",388,10,16,0,1,0.06958762886597938
"2025-01-14",133,4,1,0,1,0.045112781954887216
"2025-01-15",103,7,1,0,0,0.07766990291262135
"2025-01-16",111,7,1,0,0,0.07207207207207207
"2025-01-17",43,1,0,0,0,0.023255813953488372
"2025-01-18",27,1,0,0,0,0.037037037037037035
"2025-01-19",11,0,0,0,0,0
"2025-01-20",462,32,8,0,1,0.08874458874458875
"2025-01-21",137,1,2,0,0,0.021897810218978103
"2025-01-22",37,0,0,0,0,0
"2025-01-23",31,0,0,0,0,0
"2025-01-24",13,0,0,0,0,0
"2025-01-25",37,5,0,0,0,0.13513513513513514
"2025-01-26",22,0,0,0,0,0
"2025-01-27",1025,51,75,5,0,0.1278048780487805
"2025-01-28",1287,58,41,5,0,0.08080808080808081
"2025-01-29",450,15,7,0,0,0.04888888888888889
"2025-01-30",312,13,9,0,0,0.07051282051282051
"2025-01-31",207,14,5,0,0,0.09178743961352658
"2025-02-01",187,2,5,1,0,0.0427807486631016
"2025-02-02",132,2,1,0,0,0.022727272727272728
"2025-02-03",1338,66,21,0,0,0.06502242152466367
"2025-02-04",631,34,24,2,0,0.09508716323296355
"2025-02-05",456,28,12,2,0,0.09210526315789473
"2025-02-06",301,22,8,0,0,0.09966777408637874
"2025-02-07",177,3,1,0,0,0.022598870056497175
"2025-02-08",260,7,2,0,0,0.03461538461538462
"2025-02-09",179,4,2,0,0,0.0335195530726257
"2025-02-10",1962,1133,51,2,0,0.6044852191641182
"2025-02-11",849,435,16,1,0,0.5323910482921084
"2025-02-12",696,344,14,1,0,0.5158045977011494
"2025-02-13",459,170,11,1,0,0.39651416122004357
"2025-02-14",539,346,3,0,0,0.647495361781076
"2025-02-15",389,226,5,0,0,0.5938303341902313
"2025-02-16",340,167,3,0,0,0.5
"2025-02-17",306,181,1,0,0,0.5947712418300654
"2025-02-18",453,171,11,3,1,0.4105960264900662
"2025-02-19",643,144,10,3,0,0.24416796267496113
"2025-02-20",307,59,2,0,0,0.1986970684039088
"2025-02-21",156,39,4,0,0,0.27564102564102566
"2025-02-22",121,37,0,0,0,0.30578512396694213
"2025-02-23",142,55,1,0,0,0.39436619718309857
"2025-02-24",343,45,8,0,0,0.15451895043731778
"2025-02-25",466,53,25,0,1,0.16952789699570817
"2025-02-26",620,171,19,0,1,0.30806451612903224
"2025-02-27",438,65,10,0,0,0.17123287671232876
"2025-02-28",633,182,18,0,0,0.315955766192733
"2025-03-01",270,70,5,0,0,0.2777777777777778
"2025-03-02",2071,105,20,1,1,0.061323032351521006
"2025-03-03",622,51,8,3,2,0.10289389067524116
"2025-03-04",433,39,6,0,0,0.10392609699769054
"2025-03-05",244,54,4,0,0,0.23770491803278687
"2025-03-06",347,41,3,0,0,0.12680115273775217
"2025-03-07",193,21,4,0,0,0.12953367875647667
"2025-03-08",197,22,2,0,0,0.1218274111675127
"2025-03-09",212,67,4,0,0,0.33490566037735847
"2025-03-10",1013,263,31,5,2,0.29713721618953604
"2025-03-11",362,95,11,2,0,0.2983425414364641
"2025-03-12",236,44,6,0,0,0.211864406779661
"2025-03-13",194,49,4,0,0,0.27319587628865977
"2025-03-14",143,47,0,0,0,0.32867132867132864
"2025-03-15",144,33,3,0,0,0.25
"2025-03-16",119,35,0,0,0,0.29411764705882354
"2025-03-17",329,15,9,1,0,0.07598784194528875
"2025-03-18",151,23,4,0,0,0.17880794701986755
"2025-03-19",25,10,0,0,0,0.4
"2025-03-20",55,27,3,0,0,0.5454545454545454
"2025-03-21",51,12,1,0,0,0.2549019607843137
"2025-03-22",41,2,0,-1,0,0.024390243902439025
"2025-03-23",65,3,0,0,0,0.046153846153846156
"2025-03-24",842,58,27,2,0,0.10332541567695962
"2025-03-25",433,58,11,1,2,0.16628175519630484
"2025-03-26",216,27,9,0,1,0.1712962962962963
"2025-03-27",170,13,2,0,0,0.08823529411764706
"2025-03-28",362,29,5,1,0,0.09668508287292818
"2025-03-29",155,2,2,0,0,0.025806451612903226
"2025-03-30",103,5,2,0,0,0.06796116504854369
"2025-03-31",573,45,25,2,0,0.1256544502617801
"2025-04-01",291,23,13,1,0,0.12714776632302405
"2025-04-02",170,8,7,1,0,0.09411764705882353
"2025-04-03",70,1,2,0,0,0.04285714285714286
"2025-04-04",61,4,1,0,0,0.08196721311475409
"2025-04-05",52,0,1,0,0,0.019230769230769232
"2025-04-06",50,1,1,0,0,0.04
"2025-04-07",224,11,7,0,1,0.08482142857142858
"2025-04-08",174,16,3,0,0,0.10919540229885058
"2025-04-09",74,0,0,0,0,0
"2025-04-10",117,7,1,0,0,0.06837606837606838
"2025-04-11",81,6,1,0,0,0.08641975308641975
"2025-04-12",45,0,0,0,0,0
"2025-04-13",55,0,0,0,0,0
"2025-04-14",281,14,15,0,2,0.1103202846975089
"2025-04-15",56,1,2,0,0,0.05357142857142857
"2025-04-16",155,4,6,0,0,0.06451612903225806
"2025-04-17",134,10,2,0,0,0.08955223880597014
"2025-04-18",102,5,0,0,0,0.049019607843137254
"2025-04-19",49,4,1,0,0,0.10204081632653061
"2025-04-20",58,2,1,0,0,0.05172413793103448
"2025-04-21",2347,240,43,1,0,0.12100553898593949
"2025-04-22",1383,105,13,0,0,0.08532176428054954
"2025-04-23",696,82,9,0,0,0.1307471264367816
"2025-04-24",286,15,2,0,0,0.05944055944055944
"2025-04-25",211,19,2,0,0,0.0995260663507109
"2025-04-26",172,11,2,0,0,0.0755813953488372
"2025-04-27",224,24,0,0,0,0.10714285714285714
"2025-04-28",4203,268,97,16,0,0.09064953604568166
"2025-04-29",1272,72,41,6,0,0.09355345911949685
"2025-04-30",730,47,20,1,0,0.09315068493150686
"2025-05-01",525,32,13,4,0,0.09333333333333334
"2025-05-02",434,22,13,0,0,0.08064516129032258
"2025-05-03",459,31,13,3,0,0.10239651416122005
"2025-05-04",585,35,6,1,0,0.07179487179487179
"2025-05-05",861,26,22,1,2,0.059233449477351915
"2025-05-06",502,11,11,1,0,0.045816733067729085
"2025-05-07",405,29,4,1,0,0.08395061728395062
"2025-05-08",342,11,8,1,1,0.06140350877192982
"2025-05-09",143,9,1,0,0,0.06993006993006994
"2025-05-10",126,11,3,1,0,0.11904761904761904
"2025-05-11",175,4,2,0,0,0.03428571428571429
"2025-05-12",552,20,15,0,0,0.06340579710144928
"2025-05-13",667,40,12,0,0,0.07796101949025487
"2025-05-14",437,20,4,0,0,0.05491990846681922
"2025-05-15",240,14,5,0,0,0.07916666666666666
"2025-05-16",772,24,21,0,0,0.05829015544041451
"2025-05-17",192,4,3,0,0,0.036458333333333336
"2025-05-18",164,2,2,0,1,0.03048780487804878
"2025-05-19",860,150,40,0,1,0.22209302325581395
"2025-05-20",290,25,10,1,0,0.12413793103448276
"2025-05-21",244,10,7,2,0,0.0778688524590164
"2025-05-22",686,17,26,1,1,0.06559766763848396
"2025-05-23",380,16,1,0,0,0.04473684210526316
"2025-05-24",129,16,0,0,0,0.12403100775193798
"2025-05-25",105,8,2,0,0,0.09523809523809523
"2025-05-26",1857,97,61,5,2,0.0888529886914378
"2025-05-27",984,46,24,0,0,0.07113821138211382
"2025-05-28",401,19,20,0,0,0.09725685785536159
"2025-05-29",303,6,4,0,0,0.033003300330033
"2025-05-30",298,14,7,0,1,0.0738255033557047
"2025-05-31",229,14,4,0,0,0.07860262008733625
"2025-06-01",203,13,2,0,0,0.07389162561576355
"2025-06-02",821,287,22,0,0,0.3763702801461632
"2025-06-03",1663,214,59,4,0,0.16656644618159952
"2025-06-04",1413,126,32,0,0,0.11181882519462137
"2025-06-05",772,121,25,1,0,0.19041450777202074
"2025-06-06",498,34,8,0,0,0.08433734939759036
"2025-06-07",453,33,9,0,0,0.09271523178807947
"2025-06-08",378,36,8,0,0,0.1164021164021164
"2025-06-09",277,22,4,0,0,0.09386281588447654
"2025-06-10",188,11,2,0,0,0.06914893617021277
"2025-06-11",139,5,4,0,0,0.06474820143884892
"2025-06-12",429,22,11,1,1,0.08158508158508158
"2025-06-13",255,5,1,0,0,0.023529411764705882
"2025-06-14",198,9,1,0,0,0.050505050505050504
"2025-06-15",237,16,5,0,0,0.08860759493670886
"2025-06-16",598,39,14,0,0,0.08862876254180602
"2025-06-17",220,22,7,0,0,0.1318181818181818
"2025-06-18",156,26,2,0,0,0.1794871794871795
"2025-06-19",281,24,8,0,0,0.11387900355871886
"2025-06-20",163,18,5,0,0,0.1411042944785276
"2025-06-21",110,4,1,1,0,0.05454545454545454
"2025-06-22",131,25,2,0,0,0.20610687022900764
"2025-06-23",695,34,12,0,0,0.06618705035971223
"2025-06-24",170,2,2,0,0,0.023529411764705882
"2025-06-25",106,4,0,0,0,0.03773584905660377
"2025-06-26",324,14,11,0,0,0.07716049382716049
"2025-06-27",125,3,4,0,0,0.056
"2025-06-28",121,26,3,0,0,0.2396694214876033
"2025-06-29",136,6,5,0,0,0.08088235294117647
"2025-06-30",829,193,21,0,0,0.25814234016887816
"2025-07-01",253,25,4,0,0,0.11462450592885376
"2025-07-02",188,14,0,0,0,0.07446808510638298
"2025-07-03",413,23,5,0,0,0.06779661016949153
"2025-07-04",202,9,3,0,0,0.0594059405940594
"2025-07-05",148,9,2,0,0,0.07432432432432433
"2025-07-06",51,6,1,0,0,0.13725490196078433
"2025-07-07",985,67,23,0,0,0.09137055837563451
"2025-07-08",176,12,6,0,0,0.10227272727272728
"2025-07-09",135,9,5,0,0,0.1037037037037037
"2025-07-10",305,19,12,1,0,0.10491803278688525
"2025-07-11",179,8,3,0,0,0.061452513966480445
"2025-07-12",143,5,4,0,0,0.06293706293706294
"2025-07-13",112,4,0,0,0,0.03571428571428571
"2025-07-14",480,129,23,0,0,0.31666666666666665
"2025-07-15",273,57,7,0,0,0.23443223443223443
"2025-07-16",858,85,20,1,6,0.13053613053613053
"2025-07-17",522,77,9,4,2,0.17624521072796934
"2025-07-18",451,48,4,0,1,0.11751662971175167
"2025-07-19",242,23,1,0,0,0.09917355371900827
"2025-07-20",319,38,14,1,0,0.16614420062695925
"2025-07-21",693,33,11,0,0,0.06349206349206349
"2025-07-22",317,13,2,1,0,0.050473186119873815
"2025-07-23",382,38,7,1,1,0.12303664921465969
"2025-07-24",221,20,2,0,0,0.09954751131221719
"2025-07-25",554,159,16,0,0,0.315884476534296
"2025-07-26",171,33,3,0,0,0.21052631578947367
"2025-07-27",202,24,0,0,0,0.1188118811881188
"2025-07-28",659,98,16,2,0,0.17602427921092564
"2025-07-29",394,51,9,0,0,0.15228426395939088
"2025-07-30",174,9,0,0,0,0.05172413793103448
"2025-07-31",143,33,0,0,0,0.23076923076923078
"2025-08-01",197,29,1,0,0,0.15228426395939088
"2025-08-02",125,6,0,0,0,0.048
"2025-08-03",133,23,0,0,0,0.17293233082706766
"2025-08-04",992,228,30,0,0,0.2600806451612903
"2025-08-05",374,65,13,0,1,0.21122994652406418
"2025-08-06",288,33,7,0,0,0.1388888888888889
"2025-08-07",163,19,2,0,0,0.12883435582822086
"2025-08-08",68,14,2,0,0,0.23529411764705882
"2025-08-09",185,15,2,1,0,0.0972972972972973
"2025-08-10",136,13,1,0,0,0.10294117647058823
"2025-08-11",1336,105,26,1,1,0.09955089820359281
"2025-08-12",493,42,11,0,0,0.1075050709939148
"2025-08-13",283,29,2,0,0,0.10954063604240283
"2025-08-14",212,11,4,0,0,0.07075471698113207
"2025-08-15",186,9,1,0,0,0.053763440860215055
"2025-08-16",221,14,4,0,0,0.08144796380090498
"2025-08-17",321,12,5,1,0,0.056074766355140186
"2025-08-18",279,16,5,0,1,0.07885304659498207
"2025-08-19",186,23,8,0,0,0.16666666666666666
"2025-08-20",257,21,6,0,1,0.10894941634241245
"2025-08-21",209,21,6,2,0,0.13875598086124402
"2025-08-22",165,13,1,1,0,0.09090909090909091
"2025-08-23",70,3,0,0,0,0.04285714285714286
"2025-08-24",49,8,1,0,0,0.1836734693877551
"2025-08-25",381,46,8,0,0,0.14173228346456693
"2025-08-26",153,9,1,0,0,0.06535947712418301
"2025-08-27",121,4,3,0,0,0.05785123966942149
"2025-08-28",171,20,6,2,0,0.16374269005847952
"2025-08-29",130,2,4,0,0,0.046153846153846156
"2025-08-30",103,2,0,0,0,0.019417475728155338
"2025-08-31",47,1,0,0,0,0.02127659574468085
"2025-09-01",468,16,10,0,0,0.05555555555555555
"2025-09-02",450,69,14,1,2,0.19111111111111112
"2025-09-03",108,2,3,0,0,0.046296296296296294
"2025-09-04",177,26,8,0,0,0.192090395480226
"2025-09-05",110,21,2,0,0,0.20909090909090908
"2025-09-06",108,10,1,0,0,0.10185185185185185
"2025-09-07",77,0,0,0,0,0
"2025-09-08",567,15,4,0,1,0.03527336860670194
"2025-09-09",202,5,3,0,0,0.039603960396039604
"2025-09-10",123,1,2,0,0,0.024390243902439025
"2025-09-11",127,3,0,0,0,0.023622047244094488
"2025-09-12",66,4,1,0,0,0.07575757575757576
"2025-09-13",34,4,0,0,0,0.11764705882352941
"2025-09-14",111,12,3,0,0,0.13513513513513514
"2025-09-15",1445,70,19,1,2,0.06366782006920416
"2025-09-16",395,11,4,0,1,0.04050632911392405
"2025-09-17",275,9,1,0,0,0.03636363636363636
"2025-09-18",196,12,5,0,0,0.08673469387755102
"2025-09-19",108,10,1,0,0,0.10185185185185185
"2025-09-20",85,4,2,0,0,0.07058823529411765
"2025-09-21",76,2,0,0,0,0.02631578947368421
"2025-09-22",722,26,19,1,0,0.06371191135734072
"2025-09-23",183,3,2,0,0,0.0273224043715847
"2025-09-24",171,38,1,0,0,0.22807017543859648
"2025-09-25",59,2,0,0,0,0.03389830508474576
"2025-09-26",164,35,5,0,0,0.24390243902439024
"2025-09-27",60,0,0,0,0,0
"2025-09-28",56,4,0,0,0,0.07142857142857142
"2025-09-29",446,63,13,0,0,0.17040358744394618
"2025-09-30",166,41,3,0,0,0.26506024096385544
"2025-10-01",149,10,2,0,0,0.08053691275167785
"2025-10-02",119,10,1,0,0,0.09243697478991597
"2025-10-03",67,1,0,0,0,0.014925373134328358
"2025-10-04",74,4,0,0,0,0.05405405405405406
"2025-10-05",43,2,1,0,0,0.06976744186046512
"2025-10-06",955,37,28,2,0,0.07015706806282722
"2025-10-07",299,15,6,0,0,0.07023411371237458
"2025-10-08",275,9,3,0,0,0.04363636363636364
"2025-10-09",224,9,5,0,0,0.0625
"2025-10-10",153,8,1,0,0,0.058823529411764705
"2025-10-11",57,0,1,0,0,0.017543859649122806
"2025-10-12",70,2,2,0,0,0.05714285714285714
"2025-10-13",94,2,0,0,0,0.02127659574468085
"2025-10-14",70,5,0,0,0,0.07142857142857142
"2025-10-15",948,76,27,1,0,0.10970464135021098
"2025-10-16",341,10,13,0,0,0.06744868035190615
"2025-10-17",227,5,5,0,0,0.04405286343612335
"2025-10-18",81,1,0,0,0,0.012345679012345678
"2025-10-19",84,1,1,0,0,0.023809523809523808
"2025-10-20",609,29,17,1,0,0.07717569786535304
"2025-10-21",827,61,46,2,0,0.13180169286577992
"2025-10-22",246,11,10,6,0,0.10975609756097561
"2025-10-23",182,4,2,1,0,0.038461538461538464
"2025-10-24",92,27,2,0,0,0.31521739130434784
"2025-10-25",68,0,1,1,0,0.029411764705882353
"2025-10-26",312,18,11,2,0,0.09935897435897435
"2025-10-27",236,4,3,0,0,0.029661016949152543
"2025-10-28",123,5,1,0,0,0.04878048780487805
"2025-10-29",118,10,2,1,0,0.11016949152542373
"2025-10-30",92,2,2,0,0,0.043478260869565216
"2025-10-31",97,5,3,0,0,0.08247422680412371
"2025-11-01",67,0,0,0,0,0
"2025-11-02",81,5,1,0,0,0.07407407407407407
"2025-11-03",844,151,21,0,0,0.2037914691943128
"2025-11-04",290,34,11,0,0,0.15517241379310345
"2025-11-05",175,21,2,0,0,0.13142857142857142
"2025-11-06",95,25,0,0,0,0.2631578947368421
"2025-11-07",118,5,4,0,0,0.07627118644067797
"2025-11-08",69,27,1,0,0,0.4057971014492754
"2025-11-09",68,1,1,1,0,0.04411764705882353
"2025-11-10",542,103,28,1,0,0.24354243542435425
"2025-11-11",282,41,8,0,0,0.17375886524822695
"2025-11-12",158,21,5,0,0,0.16455696202531644
"2025-11-13",134,11,2,0,0,0.09701492537313433
"2025-11-14",67,4,0,0,0,0.05970149253731343
"2025-11-15",69,8,4,0,0,0.17391304347826086
"2025-11-16",185,47,5,0,0,0.2810810810810811
"2025-11-17",587,16,12,0,0,0.04770017035775128
"2025-11-18",293,8,5,0,0,0.04436860068259386
"2025-11-19",168,12,2,0,0,0.08333333333333333
"2025-11-20",107,6,1,0,0,0.06542056074766354
"2025-11-21",64,10,1,0,0,0.171875
"2025-11-22",58,2,0,0,0,0.034482758620689655
"2025-11-23",53,2,0,0,0,0.03773584905660377
"2025-11-24",92,11,2,0,0,0.14130434782608695
"2025-11-25",122,18,2,0,0,0.16393442622950818
"2025-11-26",81,5,4,0,0,0.1111111111111111
"2025-11-27",107,15,1,0,0,0.14953271028037382
"2025-11-28",49,3,0,0,0,0.061224489795918366
"2025-11-29",23,0,0,0,0,0
"2025-11-30",34,11,1,-3,0,0.2647058823529412
"2025-12-01",42,0,0,0,0,0
"2025-12-02",26,0,0,0,0,0
"2025-12-03",153,2,0,0,0,0.013071895424836602
"2025-12-04",21,0,0,0,0,0
"2025-12-05",21,1,0,0,0,0.047619047619047616
"2025-12-06",80,12,1,0,0,0.1625
"2025-12-07",42,4,1,0,0,0.11904761904761904
"2025-12-08",557,59,6,0,1,0.118491921005386
"2025-12-09",119,28,0,0,0,0.23529411764705882
"2025-12-10",64,24,1,0,0,0.390625
"2025-12-11",40,2,0,0,0,0.05
"2025-12-12",32,1,0,0,0,0.03125
"2025-12-13",26,8,0,0,0,0.3076923076923077
"2025-12-14",23,0,0,0,0,0
"2025-12-15",283,22,12,0,0,0.12014134275618374
"2025-12-16",106,7,8,0,0,0.14150943396226415
"2025-12-17",60,2,0,0,0,0.03333333333333333
"2025-12-18",573,141,20,2,3,0.28970331588132636
"2025-12-19",271,91,8,1,1,0.3726937269372694
"2025-12-20",74,0,0,0,0,0
"2025-12-21",80,6,1,0,0,0.0875
"2025-12-22",727,49,30,3,0,0.11279229711141678
"2025-12-23",251,22,12,0,0,0.13545816733067728
"2025-12-24",126,4,3,0,1,0.06349206349206349
"2025-12-25",104,15,1,0,0,0.15384615384615385
"2025-12-26",89,1,1,0,0,0.02247191011235955
"2025-12-27",79,0,1,0,0,0.012658227848101266
"2025-12-28",49,0,2,0,0,0.04081632653061224
"2025-12-29",39,1,2,0,0,0.07692307692307693
"2025-12-30",44,1,0,0,0,0.022727272727272728
"2025-12-31",87,3,2,1,0,0.06896551724137931
"2026-01-01",99,7,2,0,0,0.09090909090909091
"2026-01-02",89,3,0,0,0,0.033707865168539325
"2026-01-03",92,1,3,0,0,0.043478260869565216
"2026-01-04",47,2,0,0,0,0.0425531914893617
"2026-01-05",66,3,0,0,0,0.045454545454545456
"2026-01-06",307,29,2,0,0,0.10097719869706841
"2026-01-07",60,11,1,0,0,0.2
"2026-01-08",24,0,0,0,0,0
"2026-01-09",97,4,1,0,0,0.05154639175257732
"2026-01-10",21,0,0,0,0,0
"2026-01-11",51,1,2,0,0,0.058823529411764705
"2026-01-12",958,258,36,3,0,0.31002087682672236
"2026-01-13",648,122,18,0,0,0.21604938271604937
"2026-01-14",230,40,3,0,0,0.18695652173913044
"2026-01-15",1379,135,24,2,1,0.11747643219724438
"2026-01-16",721,66,3,0,0,0.0957004160887656
"2026-01-17",304,12,4,0,0,0.05263157894736842
"2026-01-18",280,24,1,0,0,0.08928571428571429
"2026-01-19",1417,385,39,3,1,0.3020465772759351
"2026-01-20",359,41,7,0,0,0.13370473537604458
"2026-01-21",340,14,4,0,0,0.052941176470588235
"2026-01-22",256,26,1,0,0,0.10546875
"2026-01-23",136,6,3,0,0,0.0661764705882353
"2026-01-24",102,7,2,0,0,0.08823529411764706
"2026-01-25",140,1,0,0,0,0.007142857142857143
"2026-01-26",805,53,22,0,0,0.09316770186335403
"2026-01-27",374,41,8,0,1,0.13368983957219252
"2026-01-28",335,30,7,0,0,0.11044776119402985
"2026-01-29",492,49,7,0,0,0.11382113821138211
"2026-01-30",186,15,4,0,0,0.10215053763440861
"2026-01-31",127,11,1,1,0,0.10236220472440945
"2026-02-01",141,26,5,0,0,0.2198581560283688
"2026-02-02",1045,322,41,2,1,0.35023923444976074
"2026-02-03",430,139,11,0,0,0.3488372093023256
"2026-02-04",233,24,2,0,0,0.11158798283261803
"2026-02-05",154,43,2,0,0,0.2922077922077922
"2026-02-06",167,16,1,0,0,0.10179640718562874
"2026-02-07",110,11,2,0,0,0.11818181818181818
"2026-02-08",97,21,3,1,0,0.25773195876288657
"2026-02-09",439,42,17,0,0,0.13439635535307518
"2026-02-10",264,32,9,0,0,0.1553030303030303
"2026-02-11",138,14,4,0,0,0.13043478260869565
"2026-02-12",108,21,5,0,0,0.24074074074074073
"2026-02-13",69,3,1,0,0,0.057971014492753624
"2026-02-14",84,1,2,0,0,0.03571428571428571
"2026-02-15",87,25,1,0,0,0.2988505747126437
"2026-02-16",3120,244,77,4,0,0.10416666666666667
"2026-02-17",917,64,32,1,0,0.10577971646673937
"2026-02-18",402,27,12,2,0,0.10199004975124377
"2026-02-19",322,40,13,0,0,0.16459627329192547
"2026-02-20",253,22,4,0,0,0.10276679841897234
"2026-02-21",314,54,6,2,0,0.19745222929936307
"2026-02-22",297,43,4,0,0,0.15824915824915825
"2026-02-23",2983,133,25,0,0,0.05296681193429433
"2026-02-24",795,45,8,0,0,0.06666666666666667
"2026-02-25",469,62,11,2,0,0.15991471215351813
"2026-02-26",399,47,10,1,0,0.14536340852130325
"2026-02-27",357,41,5,1,0,0.13165266106442577
"2026-02-28",161,11,0,0,0,0.06832298136645963
"2026-03-01",185,8,8,0,0,0.08648648648648649
"2026-03-02",116,1,4,2,0,0.0603448275862069
"2026-03-03",126,5,3,0,0,0.06349206349206349
"2026-03-04",1053,358,25,2,0,0.36562203228869894
"2026-03-05",491,32,13,1,0,0.09368635437881874
"2026-03-06",218,27,3,0,0,0.13761467889908258
"2026-03-07",144,15,2,0,0,0.11805555555555555
"2026-03-08",170,26,4,0,0,0.17647058823529413
"2026-03-09",1103,283,44,1,0,0.2973708068902992
"2026-03-10",419,88,19,0,1,0.2577565632458234
"2026-03-11",292,37,9,0,-1,0.1541095890410959
"2026-03-12",307,40,11,1,0,0.16938110749185667
"2026-03-13",315,34,9,1,0,0.13968253968253969
"2026-03-14",216,17,5,0,0,0.10185185185185185
"2026-03-15",197,23,3,0,0,0.1319796954314721
"2026-03-16",91,1,3,0,0,0.04395604395604396
"2026-03-17",152,14,2,0,0,0.10526315789473684
"2026-03-18",187,28,0,0,0,0.1497326203208556
"2026-03-19",54,0,-1,0,0,-0.018518518518518517
"2026-03-20",117,6,1,0,0,0.05982905982905983
"2026-03-21",67,4,1,0,0,0.07462686567164178
"2026-03-22",84,9,1,0,0,0.11904761904761904
"2026-03-23",820,483,23,1,0,0.6182926829268293
"2026-03-24",4201,1028,94,9,0,0.26922161390145205
"2026-03-25",1500,330,34,3,0,0.24466666666666667
"2026-03-26",631,176,21,0,1,0.31378763866877973
"2026-03-27",574,176,18,3,0,0.343205574912892
"2026-03-28",649,187,16,3,0,0.31741140215716485
"2026-03-29",468,85,11,1,0,0.20726495726495728
"2026-03-30",1017,95,27,3,0,0.12291052114060963
"2026-03-31",469,92,6,1,0,0.21108742004264391
"2026-04-01",1052,123,22,3,0,0.14068441064638784
"2026-04-02",1647,174,30,1,0,0.12446873102610807
"2026-04-03",817,121,12,0,0,0.16279069767441862
"2026-04-04",623,91,9,0,0,0.16051364365971107
"2026-04-05",554,59,6,0,0,0.11732851985559567
"2026-04-06",475,51,6,1,0,0.12210526315789473
"2026-04-07",1080,58,26,0,1,0.0787037037037037
"2026-04-08",400,16,5,0,0,0.0525
"2026-04-09",421,51,8,1,0,0.14251781472684086
"2026-04-10",224,22,5,0,0,0.12053571428571429
"2026-04-11",177,10,3,0,0,0.07344632768361582
"2026-04-12",177,35,3,0,0,0.21468926553672316
"2026-04-13",802,77,12,1,0,0.11221945137157108
"2026-04-14",716,26,7,1,0,0.04748603351955307
"2026-04-15",314,25,6,2,0,0.10509554140127389
"2026-04-16",212,26,3,0,0,0.13679245283018868
"2026-04-17",183,9,1,0,0,0.0546448087431694
"2026-04-18",121,10,2,0,0,0.09917355371900827
"2026-04-19",334,37,7,0,0,0.1317365269461078
"2026-04-20",442,22,15,0,0,0.083710407239819
"2026-04-21",243,16,3,0,0,0.07818930041152264
"2026-04-22",80,5,2,0,0,0.0875
"2026-04-23",89,0,0,0,0,0
"2026-04-24",83,5,2,0,0,0.08433734939759036
"2026-04-25",43,1,0,0,0,0.023255813953488372
"2026-04-26",72,3,2,0,0,0.06944444444444445
"2026-04-27",1529,128,38,2,1,0.1105297580117724
"2026-04-28",833,51,17,6,0,0.08883553421368548
"2026-04-29",360,21,5,4,0,0.08333333333333333
"2026-04-30",221,11,5,0,0,0.07239819004524888
"2026-05-01",123,5,4,0,0,0.07317073170731707
"2026-05-02",104,8,2,0,0,0.09615384615384616
"2026-05-03",93,13,1,4,0,0.1935483870967742
"2026-05-04",175,24,0,0,0,0.13714285714285715
"2026-05-05",195,10,0,0,0,0.05128205128205128
"2026-05-06",89,4,3,0,0,0.07865168539325842
"2026-05-07",216,23,1,0,0,0.1111111111111111
"2026-05-08",98,9,1,0,0,0.10204081632653061
"2026-05-09",54,0,2,1,0,0.05555555555555555
"2026-05-10",92,5,0,0,0,0.05434782608695652
"2026-05-11",380,54,15,1,0,0.18421052631578946
"2026-05-12",225,29,7,0,0,0.16
"2026-05-13",202,25,8,0,0,0.16336633663366337
"2026-05-14",142,26,4,0,0,0.2112676056338028
"2026-05-15",108,8,5,0,0,0.12037037037037036
"2026-05-16",118,15,0,0,0,0.1271186440677966
"2026-05-17",87,10,1,0,0,0.12643678160919541
"2026-05-18",1126,119,28,3,0,0.13321492007104796
"2026-05-19",335,47,7,0,0,0.16119402985074627
"2026-05-20",140,6,3,0,0,0.06428571428571428
"2026-05-21",108,9,6,0,0,0.1388888888888889
"2026-05-22",156,18,2,0,0,0.1282051282051282
"2026-05-23",84,7,1,0,0,0.09523809523809523
"2026-05-24",82,4,1,0,0,0.06097560975609756
"2026-05-25",1998,73,64,6,1,0.07207207207207207
