"date","followers","new_followers","cumulative_followers"
"2023-08-07",3,3,1136
"2023-08-08",5,8,1141
"2023-08-09",2,10,1143
"2023-08-10",1,11,1144
"2023-08-11",1,12,1145
"2023-08-12",5,17,1150
"2023-08-13",2,19,1152
"2023-08-14",4,23,1156
"2023-08-15",3,26,1159
"2023-08-16",1,27,1160
"2023-08-17",1,28,1161
"2023-08-18",1,29,1162
"2023-08-19",2,31,1164
"2023-08-20",0,31,1164
"2023-08-21",15,46,1179
"2023-08-22",6,52,1185
"2023-08-23",3,55,1188
"2023-08-24",2,57,1190
"2023-08-25",2,59,1192
"2023-08-26",1,60,1193
"2023-08-27",5,65,1198
"2023-08-28",1,66,1199
"2023-08-29",3,69,1202
"2023-08-30",2,71,1204
"2023-08-31",1,72,1205
"2023-09-01",4,76,1209
"2023-09-02",1,77,1210
"2023-09-03",2,79,1212
"2023-09-04",4,83,1216
"2023-09-05",3,86,1219
"2023-09-06",3,89,1222
"2023-09-07",3,92,1225
"2023-09-08",1,93,1226
"2023-09-09",3,96,1229
"2023-09-10",2,98,1231
"2023-09-11",0,98,1231
"2023-09-12",2,100,1233
"2023-09-13",1,101,1234
"2023-09-14",14,115,1248
"2023-09-15",2,117,1250
"2023-09-16",1,118,1251
"2023-09-17",3,121,1254
"2023-09-18",1,122,1255
"2023-09-19",3,125,1258
"2023-09-20",2,127,1260
"2023-09-21",1,128,1261
"2023-09-22",3,131,1264
"2023-09-23",1,132,1265
"2023-09-24",1,133,1266
"2023-09-25",4,137,1270
"2023-09-26",1,138,1271
"2023-09-27",2,140,1273
"2023-09-28",2,142,1275
"2023-09-29",2,144,1277
"2023-09-30",0,144,1277
"2023-10-01",2,146,1279
"2023-10-02",1,147,1280
"2023-10-03",13,160,1293
"2023-10-04",4,164,1297
"2023-10-05",3,167,1300
"2023-10-06",3,170,1303
"2023-10-07",7,177,1310
"2023-10-08",2,179,1312
"2023-10-09",5,184,1317
"2023-10-10",8,192,1325
"2023-10-11",8,200,1333
"2023-10-12",3,203,1336
"2023-10-13",2,205,1338
"2023-10-14",2,207,1340
"2023-10-15",0,207,1340
"2023-10-16",5,212,1345
"2023-10-17",2,214,1347
"2023-10-18",1,215,1348
"2023-10-19",4,219,1352
"2023-10-20",2,221,1354
"2023-10-21",2,223,1356
"2023-10-22",2,225,1358
"2023-10-23",6,231,1364
"2023-10-24",5,236,1369
"2023-10-25",4,240,1373
"2023-10-26",4,244,1377
"2023-10-27",6,250,1383
"2023-10-28",4,254,1387
"2023-10-29",1,255,1388
"2023-10-30",9,264,1397
"2023-10-31",6,270,1403
"2023-11-01",4,274,1407
"2023-11-02",0,274,1407
"2023-11-03",5,279,1412
"2023-11-04",2,281,1414
"2023-11-05",2,283,1416
"2023-11-06",13,296,1429
"2023-11-07",6,302,1435
"2023-11-08",4,306,1439
"2023-11-09",5,311,1444
"2023-11-10",3,314,1447
"2023-11-11",3,317,1450
"2023-11-12",2,319,1452
"2023-11-13",3,322,1455
"2023-11-14",6,328,1461
"2023-11-15",9,337,1470
"2023-11-16",8,345,1478
"2023-11-17",2,347,1480
"2023-11-18",4,351,1484
"2023-11-19",4,355,1488
"2023-11-20",7,362,1495
"2023-11-21",2,364,1497
"2023-11-22",4,368,1501
"2023-11-23",3,371,1504
"2023-11-24",2,373,1506
"2023-11-25",3,376,1509
"2023-11-26",3,379,1512
"2023-11-27",8,387,1520
"2023-11-28",4,391,1524
"2023-11-29",1,392,1525
"2023-11-30",0,392,1525
"2023-12-01",7,399,1532
"2023-12-02",2,401,1534
"2023-12-03",3,404,1537
"2023-12-04",6,410,1543
"2023-12-05",10,420,1553
"2023-12-06",6,426,1559
"2023-12-07",0,426,1559
"2023-12-08",4,430,1563
"2023-12-09",2,432,1565
"2023-12-10",0,432,1565
"2023-12-11",3,435,1568
"2023-12-12",1,436,1569
"2023-12-13",0,436,1569
"2023-12-14",1,437,1570
"2023-12-15",2,439,1572
"2023-12-16",0,439,1572
"2023-12-17",0,439,1572
"2023-12-18",1,440,1573
"2023-12-19",0,440,1573
"2023-12-20",2,442,1575
"2023-12-21",1,443,1576
"2023-12-22",3,446,1579
"2023-12-23",1,447,1580
"2023-12-24",1,448,1581
"2023-12-25",1,449,1582
"2023-12-26",0,449,1582
"2023-12-27",0,449,1582
"2023-12-28",2,451,1584
"2023-12-29",0,451,1584
"2023-12-30",0,451,1584
"2023-12-31",0,451,1584
"2024-01-01",0,451,1584
"2024-01-02",0,451,1584
"2024-01-03",0,451,1584
"2024-01-04",0,451,1584
"2024-01-05",0,451,1584
"2024-01-06",0,451,1584
"2024-01-07",0,451,1584
"2024-01-08",0,451,1584
"2024-01-09",0,451,1584
"2024-01-10",2,453,1586
"2024-01-11",0,453,1586
"2024-01-12",0,453,1586
"2024-01-13",0,453,1586
"2024-01-14",0,453,1586
"2024-01-15",26,479,1612
"2024-01-16",4,483,1616
"2024-01-17",0,483,1616
"2024-01-18",2,485,1618
"2024-01-19",4,489,1622
"2024-01-20",0,489,1622
"2024-01-21",1,490,1623
"2024-01-22",2,492,1625
"2024-01-23",1,493,1626
"2024-01-24",0,493,1626
"2024-01-25",0,493,1626
"2024-01-26",0,493,1626
"2024-01-27",1,494,1627
"2024-01-28",0,494,1627
"2024-01-29",2,496,1629
"2024-01-30",4,500,1633
"2024-01-31",0,500,1633
"2024-02-01",1,501,1634
"2024-02-02",3,504,1637
"2024-02-03",0,504,1637
"2024-02-04",0,504,1637
"2024-02-05",19,523,1656
"2024-02-06",8,531,1664
"2024-02-07",2,533,1666
"2024-02-08",3,536,1669
"2024-02-09",2,538,1671
"2024-02-10",0,538,1671
"2024-02-11",1,539,1672
"2024-02-12",1,540,1673
"2024-02-13",1,541,1674
"2024-02-14",16,557,1690
"2024-02-15",5,562,1695
"2024-02-16",1,563,1696
"2024-02-17",0,563,1696
"2024-02-18",2,565,1698
"2024-02-19",6,571,1704
"2024-02-20",4,575,1708
"2024-02-21",3,578,1711
"2024-02-22",43,621,1754
"2024-02-23",5,626,1759
"2024-02-24",2,628,1761
"2024-02-25",2,630,1763
"2024-02-26",4,634,1767
"2024-02-27",6,640,1773
"2024-02-28",6,646,1779
"2024-02-29",4,650,1783
"2024-03-01",3,653,1786
"2024-03-02",1,654,1787
"2024-03-03",3,657,1790
"2024-03-04",4,661,1794
"2024-03-05",3,664,1797
"2024-03-06",0,664,1797
"2024-03-07",0,664,1797
"2024-03-08",2,666,1799
"2024-03-09",2,668,1801
"2024-03-10",0,668,1801
"2024-03-11",2,670,1803
"2024-03-12",1,671,1804
"2024-03-13",3,674,1807
"2024-03-14",2,676,1809
"2024-03-15",3,679,1812
"2024-03-16",2,681,1814
"2024-03-17",4,685,1818
"2024-03-18",5,690,1823
"2024-03-19",2,692,1825
"2024-03-20",2,694,1827
"2024-03-21",1,695,1828
"2024-03-22",3,698,1831
"2024-03-23",3,701,1834
"2024-03-24",2,703,1836
"2024-03-25",5,708,1841
"2024-03-26",4,712,1845
"2024-03-27",1,713,1846
"2024-03-28",1,714,1847
"2024-03-29",2,716,1849
"2024-03-30",3,719,1852
"2024-03-31",1,720,1853
"2024-04-01",0,720,1853
"2024-04-02",4,724,1857
"2024-04-03",4,728,1861
"2024-04-04",5,733,1866
"2024-04-05",5,738,1871
"2024-04-06",3,741,1874
"2024-04-07",1,742,1875
"2024-04-08",3,745,1878
"2024-04-09",7,752,1885
"2024-04-10",2,754,1887
"2024-04-11",5,759,1892
"2024-04-12",4,763,1896
"2024-04-13",0,763,1896
"2024-04-14",3,766,1899
"2024-04-15",5,771,1904
"2024-04-16",1,772,1905
"2024-04-17",7,779,1912
"2024-04-18",1,780,1913
"2024-04-19",0,780,1913
"2024-04-20",1,781,1914
"2024-04-21",0,781,1914
"2024-04-22",0,781,1914
"2024-04-23",2,783,1916
"2024-04-24",0,783,1916
"2024-04-25",0,783,1916
"2024-04-26",1,784,1917
"2024-04-27",0,784,1917
"2024-04-28",0,784,1917
"2024-04-29",8,792,1925
"2024-04-30",2,794,1927
"2024-05-01",4,798,1931
"2024-05-02",1,799,1932
"2024-05-03",2,801,1934
"2024-05-04",1,802,1935
"2024-05-05",3,805,1938
"2024-05-06",1,806,1939
"2024-05-07",2,808,1941
"2024-05-08",1,809,1942
"2024-05-09",2,811,1944
"2024-05-10",1,812,1945
"2024-05-11",1,813,1946
"2024-05-12",0,813,1946
"2024-05-13",3,816,1949
"2024-05-14",3,819,1952
"2024-05-15",2,821,1954
"2024-05-16",1,822,1955
"2024-05-17",3,825,1958
"2024-05-18",3,828,1961
"2024-05-19",1,829,1962
"2024-05-20",2,831,1964
"2024-05-21",2,833,1966
"2024-05-22",1,834,1967
"2024-05-23",6,840,1973
"2024-05-24",1,841,1974
"2024-05-25",1,842,1975
"2024-05-26",1,843,1976
"2024-05-27",1,844,1977
"2024-05-28",1,845,1978
"2024-05-29",0,845,1978
"2024-05-30",1,846,1979
"2024-05-31",1,847,1980
"2024-06-01",1,848,1981
"2024-06-02",0,848,1981
"2024-06-03",0,848,1981
"2024-06-04",1,849,1982
"2024-06-05",1,850,1983
"2024-06-06",3,853,1986
"2024-06-07",1,854,1987
"2024-06-08",1,855,1988
"2024-06-09",0,855,1988
"2024-06-10",1,856,1989
"2024-06-11",3,859,1992
"2024-06-12",2,861,1994
"2024-06-13",2,863,1996
"2024-06-14",0,863,1996
"2024-06-15",9,872,2005
"2024-06-16",1,873,2006
"2024-06-17",2,875,2008
"2024-06-18",2,877,2010
"2024-06-19",3,880,2013
"2024-06-20",2,882,2015
"2024-06-21",2,884,2017
"2024-06-22",0,884,2017
"2024-06-23",3,887,2020
"2024-06-24",4,891,2024
"2024-06-25",4,895,2028
"2024-06-26",7,902,2035
"2024-06-27",3,905,2038
"2024-06-28",3,908,2041
"2024-06-29",0,908,2041
"2024-06-30",1,909,2042
"2024-07-01",2,911,2044
"2024-07-02",0,911,2044
"2024-07-03",1,912,2045
"2024-07-04",2,914,2047
"2024-07-05",0,914,2047
"2024-07-06",1,915,2048
"2024-07-07",1,916,2049
"2024-07-08",1,917,2050
"2024-07-09",2,919,2052
"2024-07-10",0,919,2052
"2024-07-11",1,920,2053
"2024-07-12",0,920,2053
"2024-07-13",0,920,2053
"2024-07-14",0,920,2053
"2024-07-15",0,920,2053
"2024-07-16",2,922,2055
"2024-07-17",2,924,2057
"2024-07-18",1,925,2058
"2024-07-19",3,928,2061
"2024-07-20",3,931,2064
"2024-07-21",0,931,2064
"2024-07-22",9,940,2073
"2024-07-23",2,942,2075
"2024-07-24",3,945,2078
"2024-07-25",3,948,2081
"2024-07-26",11,959,2092
"2024-07-27",7,966,2099
"2024-07-28",0,966,2099
"2024-07-29",8,974,2107
"2024-07-30",0,974,2107
"2024-07-31",2,976,2109
"2024-08-01",1,977,2110
"2024-08-02",0,977,2110
"2024-08-03",1,978,2111
"2024-08-04",3,981,2114
"2024-08-05",1,982,2115
"2024-08-06",1,983,2116
"2024-08-07",4,987,2120
"2024-08-08",0,987,2120
"2024-08-09",0,987,2120
"2024-08-10",2,989,2122
"2024-08-11",0,989,2122
"2024-08-12",5,994,2127
"2024-08-13",3,997,2130
"2024-08-14",2,999,2132
"2024-08-15",1,1000,2133
"2024-08-16",0,1000,2133
"2024-08-17",1,1001,2134
"2024-08-18",0,1001,2134
"2024-08-19",6,1007,2140
"2024-08-20",4,1011,2144
"2024-08-21",3,1014,2147
"2024-08-22",-1,1013,2146
"2024-08-23",1,1014,2147
"2024-08-24",0,1014,2147
"2024-08-25",2,1016,2149
"2024-08-26",3,1019,2152
"2024-08-27",0,1019,2152
"2024-08-28",1,1020,2153
"2024-08-29",6,1026,2159
"2024-08-30",2,1028,2161
"2024-08-31",1,1029,2162
"2024-09-01",1,1030,2163
"2024-09-02",0,1030,2163
"2024-09-03",17,1047,2180
"2024-09-04",1,1048,2181
"2024-09-05",0,1048,2181
"2024-09-06",1,1049,2182
"2024-09-07",1,1050,2183
"2024-09-08",1,1051,2184
"2024-09-09",2,1053,2186
"2024-09-10",4,1057,2190
"2024-09-11",1,1058,2191
"2024-09-12",3,1061,2194
"2024-09-13",1,1062,2195
"2024-09-14",1,1063,2196
"2024-09-15",0,1063,2196
"2024-09-16",2,1065,2198
"2024-09-17",24,1089,2222
"2024-09-18",6,1095,2228
"2024-09-19",6,1101,2234
"2024-09-20",2,1103,2236
"2024-09-21",1,1104,2237
"2024-09-22",3,1107,2240
"2024-09-23",3,1110,2243
"2024-09-24",1,1111,2244
"2024-09-25",0,1111,2244
"2024-09-26",0,1111,2244
"2024-09-27",3,1114,2247
"2024-09-28",0,1114,2247
"2024-09-29",0,1114,2247
"2024-09-30",11,1125,2258
"2024-10-01",2,1127,2260
"2024-10-02",3,1130,2263
"2024-10-03",1,1131,2264
"2024-10-04",0,1131,2264
"2024-10-05",0,1131,2264
"2024-10-06",0,1131,2264
"2024-10-07",1,1132,2265
"2024-10-08",0,1132,2265
"2024-10-09",1,1133,2266
"2024-10-10",1,1134,2267
"2024-10-11",0,1134,2267
"2024-10-12",0,1134,2267
"2024-10-13",1,1135,2268
"2024-10-14",1,1136,2269
"2024-10-15",0,1136,2269
"2024-10-16",0,1136,2269
"2024-10-17",0,1136,2269
"2024-10-18",0,1136,2269
"2024-10-19",0,1136,2269
"2024-10-20",1,1137,2270
"2024-10-21",0,1137,2270
"2024-10-22",1,1138,2271
"2024-10-23",0,1138,2271
"2024-10-24",1,1139,2272
"2024-10-25",0,1139,2272
"2024-10-26",0,1139,2272
"2024-10-27",2,1141,2274
"2024-10-28",3,1144,2277
"2024-10-29",1,1145,2278
"2024-10-30",1,1146,2279
"2024-10-31",0,1146,2279
"2024-11-01",1,1147,2280
"2024-11-02",1,1148,2281
"2024-11-03",0,1148,2281
"2024-11-04",0,1148,2281
"2024-11-05",-1,1147,2280
"2024-11-06",0,1147,2280
"2024-11-07",0,1147,2280
"2024-11-08",0,1147,2280
"2024-11-09",0,1147,2280
"2024-11-10",0,1147,2280
"2024-11-11",21,1168,2301
"2024-11-12",14,1182,2315
"2024-11-13",2,1184,2317
"2024-11-14",1,1185,2318
"2024-11-15",5,1190,2323
"2024-11-16",2,1192,2325
"2024-11-17",2,1194,2327
"2024-11-18",3,1197,2330
"2024-11-19",1,1198,2331
"2024-11-20",2,1200,2333
"2024-11-21",5,1205,2338
"2024-11-22",0,1205,2338
"2024-11-23",1,1206,2339
"2024-11-24",1,1207,2340
"2024-11-25",3,1210,2343
"2024-11-26",0,1210,2343
"2024-11-27",4,1214,2347
"2024-11-28",1,1215,2348
"2024-11-29",0,1215,2348
"2024-11-30",0,1215,2348
"2024-12-01",0,1215,2348
"2024-12-02",4,1219,2352
"2024-12-03",4,1223,2356
"2024-12-04",0,1223,2356
"2024-12-05",3,1226,2359
"2024-12-06",1,1227,2360
"2024-12-07",0,1227,2360
"2024-12-08",1,1228,2361
"2024-12-09",4,1232,2365
"2024-12-10",5,1237,2370
"2024-12-11",6,1243,2376
"2024-12-12",1,1244,2377
"2024-12-13",0,1244,2377
"2024-12-14",4,1248,2381
"2024-12-15",2,1250,2383
"2024-12-16",3,1253,2386
"2024-12-17",1,1254,2387
"2024-12-18",1,1255,2388
"2024-12-19",1,1256,2389
"2024-12-20",0,1256,2389
"2024-12-21",1,1257,2390
"2024-12-22",0,1257,2390
"2024-12-23",1,1258,2391
"2024-12-24",0,1258,2391
"2024-12-25",0,1258,2391
"2024-12-26",0,1258,2391
"2024-12-27",2,1260,2393
"2024-12-28",0,1260,2393
"2024-12-29",0,1260,2393
"2024-12-30",2,1262,2395
"2024-12-31",0,1262,2395
"2025-01-01",0,1262,2395
"2025-01-02",0,1262,2395
"2025-01-03",0,1262,2395
"2025-01-04",1,1263,2396
"2025-01-05",0,1263,2396
"2025-01-06",1,1264,2397
"2025-01-07",1,1265,2398
"2025-01-08",0,1265,2398
"2025-01-09",3,1268,2401
"2025-01-10",0,1268,2401
"2025-01-11",0,1268,2401
"2025-01-12",0,1268,2401
"2025-01-13",2,1270,2403
"2025-01-14",0,1270,2403
"2025-01-15",5,1275,2408
"2025-01-16",1,1276,2409
"2025-01-17",2,1278,2411
"2025-01-18",0,1278,2411
"2025-01-19",0,1278,2411
"2025-01-20",2,1280,2413
"2025-01-21",0,1280,2413
"2025-01-22",0,1280,2413
"2025-01-23",0,1280,2413
"2025-01-24",0,1280,2413
"2025-01-25",0,1280,2413
"2025-01-26",0,1280,2413
"2025-01-27",9,1289,2422
"2025-01-28",4,1293,2426
"2025-01-29",3,1296,2429
"2025-01-30",0,1296,2429
"2025-01-31",1,1297,2430
"2025-02-01",0,1297,2430
"2025-02-02",0,1297,2430
"2025-02-03",3,1300,2433
"2025-02-04",1,1301,2434
"2025-02-05",1,1302,2435
"2025-02-06",1,1303,2436
"2025-02-07",0,1303,2436
"2025-02-08",1,1304,2437
"2025-02-09",0,1304,2437
"2025-02-10",4,1308,2441
"2025-02-11",2,1310,2443
"2025-02-12",2,1312,2445
"2025-02-13",2,1314,2447
"2025-02-14",2,1316,2449
"2025-02-15",0,1316,2449
"2025-02-16",0,1316,2449
"2025-02-17",2,1318,2451
"2025-02-18",2,1320,2453
"2025-02-19",3,1323,2456
"2025-02-20",5,1328,2461
"2025-02-21",0,1328,2461
"2025-02-22",1,1329,2462
"2025-02-23",1,1330,2463
"2025-02-24",0,1330,2463
"2025-02-25",2,1332,2465
"2025-02-26",1,1333,2466
"2025-02-27",4,1337,2470
"2025-02-28",11,1348,2481
"2025-03-01",4,1352,2485
"2025-03-02",16,1368,2501
"2025-03-03",7,1375,2508
"2025-03-04",3,1378,2511
"2025-03-05",5,1383,2516
"2025-03-06",2,1385,2518
"2025-03-07",1,1386,2519
"2025-03-08",3,1389,2522
"2025-03-09",3,1392,2525
"2025-03-10",3,1395,2528
"2025-03-11",5,1400,2533
"2025-03-12",1,1401,2534
"2025-03-13",0,1401,2534
"2025-03-14",1,1402,2535
"2025-03-15",1,1403,2536
"2025-03-16",2,1405,2538
"2025-03-17",1,1406,2539
"2025-03-18",1,1407,2540
"2025-03-19",0,1407,2540
"2025-03-20",0,1407,2540
"2025-03-21",1,1408,2541
"2025-03-22",1,1409,2542
"2025-03-23",1,1410,2543
"2025-03-24",3,1413,2546
"2025-03-25",6,1419,2552
"2025-03-26",5,1424,2557
"2025-03-27",1,1425,2558
"2025-03-28",3,1428,2561
"2025-03-29",2,1430,2563
"2025-03-30",1,1431,2564
"2025-03-31",2,1433,2566
"2025-04-01",2,1435,2568
"2025-04-02",3,1438,2571
"2025-04-03",0,1438,2571
"2025-04-04",0,1438,2571
"2025-04-05",0,1438,2571
"2025-04-06",2,1440,2573
"2025-04-07",3,1443,2576
"2025-04-08",1,1444,2577
"2025-04-09",1,1445,2578
"2025-04-10",0,1445,2578
"2025-04-11",1,1446,2579
"2025-04-12",0,1446,2579
"2025-04-13",0,1446,2579
"2025-04-14",1,1447,2580
"2025-04-15",0,1447,2580
"2025-04-16",1,1448,2581
"2025-04-17",1,1449,2582
"2025-04-18",0,1449,2582
"2025-04-19",0,1449,2582
"2025-04-20",0,1449,2582
"2025-04-21",7,1456,2589
"2025-04-22",1,1457,2590
"2025-04-23",0,1457,2590
"2025-04-24",2,1459,2592
"2025-04-25",0,1459,2592
"2025-04-26",1,1460,2593
"2025-04-27",1,1461,2594
"2025-04-28",41,1502,2635
"2025-04-29",15,1517,2650
"2025-04-30",4,1521,2654
"2025-05-01",6,1527,2660
"2025-05-02",4,1531,2664
"2025-05-03",6,1537,2670
"2025-05-04",4,1541,2674
"2025-05-05",1,1542,2675
"2025-05-06",4,1546,2679
"2025-05-07",3,1549,2682
"2025-05-08",3,1552,2685
"2025-05-09",2,1554,2687
"2025-05-10",2,1556,2689
"2025-05-11",2,1558,2691
"2025-05-12",3,1561,2694
"2025-05-13",4,1565,2698
"2025-05-14",2,1567,2700
"2025-05-15",0,1567,2700
"2025-05-16",2,1569,2702
"2025-05-17",0,1569,2702
"2025-05-18",0,1569,2702
"2025-05-19",4,1573,2706
"2025-05-20",1,1574,2707
"2025-05-21",0,1574,2707
"2025-05-22",2,1576,2709
"2025-05-23",2,1578,2711
"2025-05-24",1,1579,2712
"2025-05-25",1,1580,2713
"2025-05-26",22,1602,2735
"2025-05-27",11,1613,2746
"2025-05-28",5,1618,2751
"2025-05-29",0,1618,2751
"2025-05-30",4,1622,2755
"2025-05-31",1,1623,2756
"2025-06-01",1,1624,2757
"2025-06-02",-1,1623,2756
"2025-06-03",4,1627,2760
"2025-06-04",0,1627,2760
"2025-06-05",2,1629,2762
"2025-06-06",1,1630,2763
"2025-06-07",2,1632,2765
"2025-06-08",1,1633,2766
"2025-06-09",0,1633,2766
"2025-06-10",0,1633,2766
"2025-06-11",3,1636,2769
"2025-06-12",0,1636,2769
"2025-06-13",1,1637,2770
"2025-06-14",3,1640,2773
"2025-06-15",0,1640,2773
"2025-06-16",5,1645,2778
"2025-06-17",1,1646,2779
"2025-06-18",2,1648,2781
"2025-06-19",2,1650,2783
"2025-06-20",1,1651,2784
"2025-06-21",1,1652,2785
"2025-06-22",1,1653,2786
"2025-06-23",2,1655,2788
"2025-06-24",1,1656,2789
"2025-06-25",1,1657,2790
"2025-06-26",0,1657,2790
"2025-06-27",0,1657,2790
"2025-06-28",1,1658,2791
"2025-06-29",1,1659,2792
"2025-06-30",0,1659,2792
"2025-07-01",1,1660,2793
"2025-07-02",0,1660,2793
"2025-07-03",1,1661,2794
"2025-07-04",1,1662,2795
"2025-07-05",1,1663,2796
"2025-07-06",0,1663,2796
"2025-07-07",1,1664,2797
"2025-07-08",1,1665,2798
"2025-07-09",1,1666,2799
"2025-07-10",2,1668,2801
"2025-07-11",0,1668,2801
"2025-07-12",1,1669,2802
"2025-07-13",0,1669,2802
"2025-07-14",1,1670,2803
"2025-07-15",3,1673,2806
"2025-07-16",14,1687,2820
"2025-07-17",8,1695,2828
"2025-07-18",11,1706,2839
"2025-07-19",2,1708,2841
"2025-07-20",4,1712,2845
"2025-07-21",7,1719,2852
"2025-07-22",3,1722,2855
"2025-07-23",1,1723,2856
"2025-07-24",1,1724,2857
"2025-07-25",0,1724,2857
"2025-07-26",1,1725,2858
"2025-07-27",1,1726,2859
"2025-07-28",1,1727,2860
"2025-07-29",7,1734,2867
"2025-07-30",1,1735,2868
"2025-07-31",1,1736,2869
"2025-08-01",0,1736,2869
"2025-08-02",0,1736,2869
"2025-08-03",1,1737,2870
"2025-08-04",1,1738,2871
"2025-08-05",1,1739,2872
"2025-08-06",1,1740,2873
"2025-08-07",3,1743,2876
"2025-08-08",1,1744,2877
"2025-08-09",0,1744,2877
"2025-08-10",1,1745,2878
"2025-08-11",3,1748,2881
"2025-08-12",3,1751,2884
"2025-08-13",2,1753,2886
"2025-08-14",2,1755,2888
"2025-08-15",0,1755,2888
"2025-08-16",3,1758,2891
"2025-08-17",6,1764,2897
"2025-08-18",1,1765,2898
"2025-08-19",4,1769,2902
"2025-08-20",4,1773,2906
"2025-08-21",1,1774,2907
"2025-08-22",0,1774,2907
"2025-08-23",0,1774,2907
"2025-08-24",0,1774,2907
"2025-08-25",2,1776,2909
"2025-08-26",0,1776,2909
"2025-08-27",1,1777,2910
"2025-08-28",0,1777,2910
"2025-08-29",1,1778,2911
"2025-08-30",1,1779,2912
"2025-08-31",0,1779,2912
"2025-09-01",0,1779,2912
"2025-09-02",2,1781,2914
"2025-09-03",0,1781,2914
"2025-09-04",4,1785,2918
"2025-09-05",1,1786,2919
"2025-09-06",2,1788,2921
"2025-09-07",0,1788,2921
"2025-09-08",2,1790,2923
"2025-09-09",2,1792,2925
"2025-09-10",0,1792,2925
"2025-09-11",1,1793,2926
"2025-09-12",1,1794,2927
"2025-09-13",0,1794,2927
"2025-09-14",2,1796,2929
"2025-09-15",28,1824,2957
"2025-09-16",2,1826,2959
"2025-09-17",3,1829,2962
"2025-09-18",2,1831,2964
"2025-09-19",0,1831,2964
"2025-09-20",0,1831,2964
"2025-09-21",0,1831,2964
"2025-09-22",2,1833,2966
"2025-09-23",0,1833,2966
"2025-09-24",3,1836,2969
"2025-09-25",0,1836,2969
"2025-09-26",1,1837,2970
"2025-09-27",0,1837,2970
"2025-09-28",1,1838,2971
"2025-09-29",1,1839,2972
"2025-09-30",1,1840,2973
"2025-10-01",0,1840,2973
"2025-10-02",0,1840,2973
"2025-10-03",1,1841,2974
"2025-10-04",0,1841,2974
"2025-10-05",0,1841,2974
"2025-10-06",0,1841,2974
"2025-10-07",3,1844,2977
"2025-10-08",1,1845,2978
"2025-10-09",0,1845,2978
"2025-10-10",0,1845,2978
"2025-10-11",0,1845,2978
"2025-10-12",1,1846,2979
"2025-10-13",0,1846,2979
"2025-10-14",1,1847,2980
"2025-10-15",3,1850,2983
"2025-10-16",2,1852,2985
"2025-10-17",-1,1851,2984
"2025-10-18",0,1851,2984
"2025-10-19",0,1851,2984
"2025-10-20",3,1854,2987
"2025-10-21",0,1854,2987
"2025-10-22",1,1855,2988
"2025-10-23",1,1856,2989
"2025-10-24",1,1857,2990
"2025-10-25",0,1857,2990
"2025-10-26",3,1860,2993
"2025-10-27",1,1861,2994
"2025-10-28",0,1861,2994
"2025-10-29",2,1863,2996
"2025-10-30",2,1865,2998
"2025-10-31",0,1865,2998
"2025-11-01",0,1865,2998
"2025-11-02",0,1865,2998
"2025-11-03",2,1867,3000
"2025-11-04",3,1870,3003
"2025-11-05",1,1871,3004
"2025-11-06",0,1871,3004
"2025-11-07",1,1872,3005
"2025-11-08",1,1873,3006
"2025-11-09",1,1874,3007
"2025-11-10",0,1874,3007
"2025-11-11",0,1874,3007
"2025-11-12",0,1874,3007
"2025-11-13",1,1875,3008
"2025-11-14",0,1875,3008
"2025-11-15",0,1875,3008
"2025-11-16",0,1875,3008
"2025-11-17",2,1877,3010
"2025-11-18",4,1881,3014
"2025-11-19",1,1882,3015
"2025-11-20",0,1882,3015
"2025-11-21",0,1882,3015
"2025-11-22",0,1882,3015
"2025-11-23",0,1882,3015
"2025-11-24",1,1883,3016
"2025-11-25",0,1883,3016
"2025-11-26",0,1883,3016
"2025-11-27",1,1884,3017
"2025-11-28",0,1884,3017
"2025-11-29",0,1884,3017
"2025-11-30",0,1884,3017
"2025-12-01",0,1884,3017
"2025-12-02",0,1884,3017
"2025-12-03",1,1885,3018
"2025-12-04",0,1885,3018
"2025-12-05",1,1886,3019
"2025-12-06",0,1886,3019
"2025-12-07",0,1886,3019
"2025-12-08",1,1887,3020
"2025-12-09",0,1887,3020
"2025-12-10",1,1888,3021
"2025-12-11",1,1889,3022
"2025-12-12",1,1890,3023
"2025-12-13",1,1891,3024
"2025-12-14",0,1891,3024
"2025-12-15",4,1895,3028
"2025-12-16",0,1895,3028
"2025-12-17",4,1899,3032
"2025-12-18",5,1904,3037
"2025-12-19",1,1905,3038
"2025-12-20",1,1906,3039
"2025-12-21",1,1907,3040
"2025-12-22",0,1907,3040
"2025-12-23",0,1907,3040
"2025-12-24",1,1908,3041
"2025-12-25",2,1910,3043
"2025-12-26",0,1910,3043
"2025-12-27",0,1910,3043
"2025-12-28",0,1910,3043
"2025-12-29",0,1910,3043
"2025-12-30",0,1910,3043
"2025-12-31",2,1912,3045
"2026-01-01",0,1912,3045
"2026-01-02",1,1913,3046
"2026-01-03",0,1913,3046
"2026-01-04",1,1914,3047
"2026-01-05",1,1915,3048
"2026-01-06",0,1915,3048
"2026-01-07",1,1916,3049
"2026-01-08",0,1916,3049
"2026-01-09",0,1916,3049
"2026-01-10",0,1916,3049
"2026-01-11",0,1916,3049
"2026-01-12",0,1916,3049
"2026-01-13",3,1919,3052
"2026-01-14",3,1922,3055
"2026-01-15",15,1937,3070
"2026-01-16",10,1947,3080
"2026-01-17",2,1949,3082
"2026-01-18",2,1951,3084
"2026-01-19",10,1961,3094
"2026-01-20",0,1961,3094
"2026-01-21",2,1963,3096
"2026-01-22",2,1965,3098
"2026-01-23",2,1967,3100
"2026-01-24",3,1970,3103
"2026-01-25",1,1971,3104
"2026-01-26",4,1975,3108
"2026-01-27",5,1980,3113
"2026-01-28",5,1985,3118
"2026-01-29",3,1988,3121
"2026-01-30",1,1989,3122
"2026-01-31",1,1990,3123
"2026-02-01",5,1995,3128
"2026-02-02",1,1996,3129
"2026-02-03",2,1998,3131
"2026-02-04",1,1999,3132
"2026-02-05",1,2000,3133
"2026-02-06",1,2001,3134
"2026-02-07",0,2001,3134
"2026-02-08",0,2001,3134
"2026-02-09",5,2006,3139
"2026-02-10",0,2006,3139
"2026-02-11",1,2007,3140
"2026-02-12",0,2007,3140
"2026-02-13",0,2007,3140
"2026-02-14",2,2009,3142
"2026-02-15",1,2010,3143
"2026-02-16",19,2029,3162
"2026-02-17",1,2030,3163
"2026-02-18",3,2033,3166
"2026-02-19",3,2036,3169
"2026-02-20",2,2038,3171
"2026-02-21",3,2041,3174
"2026-02-22",2,2043,3176
"2026-02-23",32,2075,3208
"2026-02-24",3,2078,3211
"2026-02-25",3,2081,3214
"2026-02-26",4,2085,3218
"2026-02-27",2,2087,3220
"2026-02-28",1,2088,3221
"2026-03-01",3,2091,3224
"2026-03-02",2,2093,3226
"2026-03-03",0,2093,3226
"2026-03-04",3,2096,3229
"2026-03-05",3,2099,3232
"2026-03-06",0,2099,3232
"2026-03-07",0,2099,3232
"2026-03-08",1,2100,3233
"2026-03-09",4,2104,3237
"2026-03-10",4,2108,3241
"2026-03-11",3,2111,3244
"2026-03-12",1,2112,3245
"2026-03-13",1,2113,3246
"2026-03-14",2,2115,3248
"2026-03-15",3,2118,3251
"2026-03-16",2,2120,3253
"2026-03-17",3,2123,3256
"2026-03-18",0,2123,3256
"2026-03-19",-1,2122,3255
"2026-03-20",0,2122,3255
"2026-03-21",0,2122,3255
"2026-03-22",0,2122,3255
"2026-03-23",1,2123,3256
"2026-03-24",8,2131,3264
"2026-03-25",4,2135,3268
"2026-03-26",2,2137,3270
"2026-03-27",0,2137,3270
"2026-03-28",2,2139,3272
"2026-03-29",1,2140,3273
"2026-03-30",1,2141,3274
"2026-03-31",1,2142,3275
"2026-04-01",2,2144,3277
"2026-04-02",3,2147,3280
"2026-04-03",2,2149,3282
"2026-04-04",4,2153,3286
"2026-04-05",2,2155,3288
"2026-04-06",0,2155,3288
"2026-04-07",4,2159,3292
"2026-04-08",0,2159,3292
"2026-04-09",3,2162,3295
"2026-04-10",0,2162,3295
"2026-04-11",0,2162,3295
"2026-04-12",0,2162,3295
"2026-04-13",0,2162,3295
"2026-04-14",2,2164,3297
"2026-04-15",0,2164,3297
"2026-04-16",-1,2163,3296
"2026-04-17",1,2164,3297
"2026-04-18",0,2164,3297
"2026-04-19",1,2165,3298
"2026-04-20",0,2165,3298
"2026-04-21",4,2169,3302
"2026-04-22",0,2169,3302
"2026-04-23",0,2169,3302
"2026-04-24",0,2169,3302
"2026-04-25",0,2169,3302
"2026-04-26",0,2169,3302
"2026-04-27",4,2173,3306
"2026-04-28",14,2187,3320
"2026-04-29",4,2191,3324
"2026-04-30",1,2192,3325
"2026-05-01",1,2193,3326
"2026-05-02",0,2193,3326
"2026-05-03",0,2193,3326
"2026-05-04",1,2194,3327
"2026-05-05",0,2194,3327
"2026-05-06",-1,2193,3326
"2026-05-07",1,2194,3327
"2026-05-08",0,2194,3327
"2026-05-09",0,2194,3327
"2026-05-10",2,2196,3329
"2026-05-11",2,2198,3331
"2026-05-12",0,2198,3331
"2026-05-13",1,2199,3332
"2026-05-14",1,2200,3333
"2026-05-15",0,2200,3333
"2026-05-16",1,2201,3334
"2026-05-17",0,2201,3334
"2026-05-18",7,2208,3341
"2026-05-19",0,2208,3341
"2026-05-20",0,2208,3341
"2026-05-21",1,2209,3342
"2026-05-22",-1,2208,3341
"2026-05-23",0,2208,3341
"2026-05-24",0,2208,3341
"2026-05-25",18,2226,3359
