"date","overview_page_views","overview_unique_visitors","life_page_views","life_unique_visitors","jobs_page_views","jobs_unique_visitors","total_page_views_desktop","total_page_views_mobile","total_page_views","total_unique_visitors_desktop","total_unique_visitors_mobile","total_unique_visitors"
"2023-08-07",4,3,0,0,1,1,2,3,5,2,1,3
"2023-08-08",9,6,0,0,1,1,3,11,14,1,5,6
"2023-08-09",4,2,0,0,0,0,0,4,4,0,2,2
"2023-08-10",6,4,0,0,0,0,2,4,6,2,2,4
"2023-08-11",6,3,0,0,1,1,1,7,8,1,2,3
"2023-08-12",4,3,0,0,1,1,2,3,5,1,2,3
"2023-08-13",1,1,0,0,0,0,0,1,1,0,1,1
"2023-08-14",7,4,0,0,0,0,2,6,8,2,2,4
"2023-08-15",12,4,0,0,0,0,10,4,14,2,2,4
"2023-08-16",6,4,0,0,1,1,5,3,8,3,1,4
"2023-08-17",8,3,0,0,4,1,3,14,17,1,2,3
"2023-08-18",5,3,0,0,0,0,2,3,5,1,2,3
"2023-08-19",0,0,0,0,0,0,0,0,0,0,0,0
"2023-08-20",0,0,0,0,0,0,0,0,0,0,0,0
"2023-08-21",19,11,0,0,0,0,3,17,20,3,8,11
"2023-08-22",19,7,0,0,1,1,3,20,23,2,5,7
"2023-08-23",19,5,0,0,2,2,2,23,25,1,4,5
"2023-08-24",7,3,0,0,0,0,2,5,7,1,2,3
"2023-08-25",1,1,0,0,0,0,1,0,1,1,0,1
"2023-08-26",2,1,0,0,0,0,2,0,2,1,0,1
"2023-08-27",13,4,0,0,0,0,0,13,13,0,4,4
"2023-08-28",15,4,0,0,0,0,0,15,15,0,4,4
"2023-08-29",9,4,0,0,2,1,1,16,17,1,3,4
"2023-08-30",8,6,0,0,0,0,8,1,9,5,1,6
"2023-08-31",6,3,0,0,0,0,1,5,6,1,2,3
"2023-09-01",1,1,0,0,0,0,1,0,1,1,0,1
"2023-09-02",1,1,0,0,0,0,1,0,1,1,0,1
"2023-09-03",0,0,0,0,0,0,0,0,0,0,0,0
"2023-09-04",2,2,0,0,0,0,2,0,2,2,0,2
"2023-09-05",3,1,0,0,0,0,3,0,3,1,0,1
"2023-09-06",20,4,0,0,0,0,19,1,20,3,1,4
"2023-09-07",4,2,0,0,1,1,0,5,5,0,2,2
"2023-09-08",3,2,0,0,0,0,1,2,3,1,1,2
"2023-09-09",0,0,0,0,0,0,0,0,0,0,0,0
"2023-09-10",0,0,0,0,0,0,0,0,0,0,0,0
"2023-09-11",8,3,0,0,0,0,8,0,8,3,0,3
"2023-09-12",17,7,0,0,1,1,8,13,21,4,3,7
"2023-09-13",4,2,0,0,0,0,1,3,4,1,1,2
"2023-09-14",5,4,0,0,0,0,4,2,6,3,1,4
"2023-09-15",0,0,0,0,0,0,0,0,0,0,0,0
"2023-09-16",3,1,0,0,0,0,3,0,3,1,0,1
"2023-09-17",3,2,0,0,0,0,0,3,3,0,2,2
"2023-09-18",0,0,0,0,0,0,0,0,0,0,0,0
"2023-09-19",12,4,0,0,1,1,8,5,13,3,1,4
"2023-09-20",3,2,0,0,0,0,1,4,5,1,1,2
"2023-09-21",0,0,0,0,0,0,0,0,0,0,0,0
"2023-09-22",5,3,0,0,0,0,3,2,5,2,1,3
"2023-09-23",0,0,0,0,0,0,0,0,0,0,0,0
"2023-09-24",0,0,0,0,0,0,0,0,0,0,0,0
"2023-09-25",6,5,0,0,1,1,3,5,8,2,3,5
"2023-09-26",1,1,0,0,0,0,0,1,1,0,1,1
"2023-09-27",4,2,0,0,0,0,0,5,5,0,2,2
"2023-09-28",1,1,0,0,0,0,1,0,1,1,0,1
"2023-09-29",7,3,0,0,1,1,7,2,9,2,1,3
"2023-09-30",7,2,0,0,0,0,1,6,7,1,1,2
"2023-10-01",0,0,0,0,0,0,0,0,0,0,0,0
"2023-10-02",4,2,0,0,0,0,1,3,4,1,2,2
"2023-10-03",11,5,0,0,0,0,3,8,11,2,3,5
"2023-10-04",8,3,0,0,1,1,7,4,11,2,1,3
"2023-10-05",1,1,0,0,0,0,1,1,2,1,1,2
"2023-10-06",4,1,0,0,0,0,4,0,4,1,0,1
"2023-10-07",2,2,0,0,0,0,2,0,2,2,0,2
"2023-10-08",2,2,0,0,1,1,0,3,3,0,2,2
"2023-10-09",9,6,0,0,1,1,5,5,10,4,2,6
"2023-10-10",7,3,0,0,0,0,5,4,9,1,2,3
"2023-10-11",17,8,0,0,2,2,3,16,19,2,6,8
"2023-10-12",0,0,0,0,0,0,0,0,0,0,0,0
"2023-10-13",2,2,0,0,0,0,0,2,2,0,2,2
"2023-10-14",2,1,0,0,0,0,0,2,2,0,1,1
"2023-10-15",4,2,0,0,0,0,0,6,6,0,2,2
"2023-10-16",16,4,0,0,0,0,8,8,16,2,2,4
"2023-10-17",15,4,0,0,0,0,5,10,15,1,3,4
"2023-10-18",2,1,0,0,0,0,2,0,2,1,0,1
"2023-10-19",0,0,0,0,0,0,0,0,0,0,0,0
"2023-10-20",2,1,0,0,1,1,0,6,6,0,1,1
"2023-10-21",0,0,0,0,0,0,0,0,0,0,0,0
"2023-10-22",8,3,0,0,0,0,0,8,8,0,3,3
"2023-10-23",5,2,0,0,0,0,3,2,5,1,1,2
"2023-10-24",23,2,0,0,0,0,4,19,23,1,1,2
"2023-10-25",12,2,0,0,0,0,0,12,12,0,2,2
"2023-10-26",16,5,0,0,0,0,11,6,17,2,3,5
"2023-10-27",6,1,0,0,0,0,0,6,6,0,1,1
"2023-10-28",2,1,0,0,1,1,0,5,5,0,1,1
"2023-10-29",2,2,0,0,0,0,0,2,2,0,2,2
"2023-10-30",18,4,0,0,0,0,4,21,25,1,3,4
"2023-10-31",6,5,0,0,0,0,7,0,7,5,0,5
"2023-11-01",5,2,0,0,0,0,0,5,5,0,2,2
"2023-11-02",3,2,0,0,0,0,2,7,9,1,2,3
"2023-11-03",8,4,0,0,0,0,1,8,9,1,3,4
"2023-11-04",0,0,0,0,0,0,0,0,0,0,0,0
"2023-11-05",5,2,0,0,0,0,0,5,5,0,2,2
"2023-11-06",37,11,0,0,2,2,10,30,40,4,7,11
"2023-11-07",9,4,0,0,0,0,6,4,10,2,2,4
"2023-11-08",9,2,0,0,0,0,0,9,9,0,2,2
"2023-11-09",9,4,0,0,0,0,6,3,9,2,2,4
"2023-11-10",16,7,0,0,0,0,2,16,18,2,5,7
"2023-11-11",2,2,0,0,0,0,1,1,2,1,1,2
"2023-11-12",0,0,0,0,0,0,0,0,0,0,0,0
"2023-11-13",7,3,0,0,0,0,0,7,7,0,3,3
"2023-11-14",6,4,0,0,3,2,4,9,13,2,2,4
"2023-11-15",13,7,0,0,1,1,2,12,14,2,5,7
"2023-11-16",10,5,0,0,0,0,2,8,10,2,3,5
"2023-11-17",4,1,0,0,0,0,4,0,4,1,0,1
"2023-11-18",1,1,0,0,0,0,0,1,1,0,1,1
"2023-11-19",1,1,0,0,0,0,1,0,1,1,0,1
"2023-11-20",6,4,0,0,0,0,4,3,7,3,1,4
"2023-11-21",11,4,0,0,0,0,12,1,13,3,1,4
"2023-11-22",8,6,0,0,0,0,3,6,9,3,3,6
"2023-11-23",4,4,0,0,0,0,2,3,5,2,3,5
"2023-11-24",1,1,0,0,0,0,1,0,1,1,0,1
"2023-11-25",1,1,0,0,0,0,0,1,1,0,1,1
"2023-11-26",1,1,0,0,0,0,1,0,1,1,0,1
"2023-11-27",11,4,0,0,1,1,7,7,14,1,3,4
"2023-11-28",1,1,0,0,0,0,1,0,1,1,0,1
"2023-11-29",2,1,0,0,0,0,0,2,2,0,1,1
"2023-11-30",0,0,0,0,0,0,0,0,0,0,0,0
"2023-12-01",8,5,0,0,0,0,2,6,8,2,3,5
"2023-12-02",9,6,0,0,0,0,1,9,10,1,5,6
"2023-12-03",1,1,0,0,0,0,0,1,1,0,1,1
"2023-12-04",27,9,0,0,0,0,3,26,29,3,6,9
"2023-12-05",17,13,0,0,2,2,5,16,21,5,8,13
"2023-12-06",9,7,0,0,0,0,5,5,10,4,3,7
"2023-12-07",1,1,0,0,0,0,2,0,2,1,0,1
"2023-12-08",6,3,0,0,4,2,8,4,12,2,1,3
"2023-12-09",4,1,0,0,0,0,0,4,4,0,1,1
"2023-12-10",2,1,0,0,0,0,2,0,2,1,0,1
"2023-12-11",3,3,0,0,0,0,1,2,3,1,2,3
"2023-12-12",2,2,0,0,0,0,1,1,2,1,1,2
"2023-12-13",2,2,0,0,1,1,0,3,3,0,2,2
"2023-12-14",4,3,0,0,0,0,3,1,4,2,1,3
"2023-12-15",2,2,0,0,0,0,4,0,4,2,0,2
"2023-12-16",2,1,0,0,0,0,0,2,2,0,1,1
"2023-12-17",0,0,0,0,0,0,0,0,0,0,0,0
"2023-12-18",2,1,0,0,0,0,2,0,2,1,0,1
"2023-12-19",0,0,0,0,0,0,1,0,1,1,0,1
"2023-12-20",0,0,0,0,0,0,0,0,0,0,0,0
"2023-12-21",4,2,0,0,0,0,4,0,4,2,0,2
"2023-12-22",3,2,0,0,0,0,1,2,3,1,1,2
"2023-12-23",2,1,0,0,0,0,0,2,2,0,1,1
"2023-12-24",0,0,0,0,0,0,0,0,0,0,0,0
"2023-12-25",0,0,0,0,0,0,0,0,0,0,0,0
"2023-12-26",0,0,0,0,0,0,0,0,0,0,0,0
"2023-12-27",2,1,0,0,0,0,0,2,2,0,1,1
"2023-12-28",4,2,0,0,0,0,0,5,5,0,2,2
"2023-12-29",2,1,0,0,0,0,0,2,2,0,1,1
"2023-12-30",0,0,0,0,0,0,0,0,0,0,0,0
"2023-12-31",0,0,0,0,0,0,0,0,0,0,0,0
"2024-01-01",0,0,0,0,0,0,0,0,0,0,0,0
"2024-01-02",1,1,0,0,0,0,2,0,2,1,0,1
"2024-01-03",1,1,0,0,0,0,1,0,1,1,0,1
"2024-01-04",0,0,0,0,0,0,0,0,0,0,0,0
"2024-01-05",2,2,0,0,0,0,1,1,2,1,1,2
"2024-01-06",0,0,0,0,0,0,0,0,0,0,0,0
"2024-01-07",4,1,0,0,0,0,0,5,5,0,1,1
"2024-01-08",4,2,0,0,0,0,2,2,4,1,1,2
"2024-01-09",2,1,0,0,0,0,2,0,2,1,0,1
"2024-01-10",0,0,0,0,0,0,0,0,0,0,0,0
"2024-01-11",2,1,0,0,0,0,2,0,2,1,0,1
"2024-01-12",1,1,0,0,0,0,0,1,1,0,1,1
"2024-01-13",0,0,0,0,0,0,0,0,0,0,0,0
"2024-01-14",2,1,0,0,0,0,0,7,7,0,1,1
"2024-01-15",9,6,0,0,0,0,3,6,9,2,4,6
"2024-01-16",21,7,0,0,2,2,5,26,31,3,4,7
"2024-01-17",0,0,0,0,0,0,0,0,0,0,0,0
"2024-01-18",9,6,0,0,0,0,3,9,12,3,3,6
"2024-01-19",1,1,0,0,0,0,0,1,1,0,1,1
"2024-01-20",3,2,0,0,0,0,0,3,3,0,2,2
"2024-01-21",0,0,0,0,0,0,0,0,0,0,0,0
"2024-01-22",13,4,0,0,0,0,6,8,14,2,2,4
"2024-01-23",8,2,0,0,0,0,4,4,8,1,1,2
"2024-01-24",0,0,0,0,0,0,0,0,0,0,0,0
"2024-01-25",3,2,0,0,1,1,0,4,4,0,2,2
"2024-01-26",11,2,0,0,2,2,6,12,18,1,1,2
"2024-01-27",2,1,0,0,0,0,2,0,2,1,0,1
"2024-01-28",0,0,0,0,0,0,0,0,0,0,0,0
"2024-01-29",3,2,0,0,0,0,3,0,3,2,0,2
"2024-01-30",3,2,0,0,0,0,3,0,3,2,0,2
"2024-01-31",0,0,0,0,0,0,0,0,0,0,0,0
"2024-02-01",3,2,0,0,0,0,3,0,3,2,0,2
"2024-02-02",10,4,0,0,0,0,9,2,11,2,2,4
"2024-02-03",2,1,0,0,0,0,2,0,2,1,0,1
"2024-02-04",0,0,0,0,0,0,0,0,0,0,0,0
"2024-02-05",80,33,0,0,4,1,12,80,92,9,24,33
"2024-02-06",21,9,0,0,1,1,7,15,22,3,6,9
"2024-02-07",3,3,0,0,0,0,1,2,3,1,2,3
"2024-02-08",1,1,0,0,0,0,0,1,1,0,1,1
"2024-02-09",4,3,0,0,0,0,3,1,4,2,1,3
"2024-02-10",0,0,0,0,0,0,0,0,0,0,0,0
"2024-02-11",3,1,0,0,0,0,0,3,3,0,1,1
"2024-02-12",4,2,0,0,0,0,3,3,6,1,1,2
"2024-02-13",2,1,0,0,0,0,2,0,2,1,0,1
"2024-02-14",11,5,0,0,0,0,4,8,12,1,4,5
"2024-02-15",18,7,0,0,0,0,1,19,20,1,6,7
"2024-02-16",4,2,0,0,0,0,1,3,4,1,1,2
"2024-02-17",0,0,0,0,0,0,0,0,0,0,0,0
"2024-02-18",2,1,0,0,0,0,0,2,2,0,1,1
"2024-02-19",20,10,0,0,0,0,14,8,22,6,4,10
"2024-02-20",6,2,0,0,0,0,0,6,6,0,2,2
"2024-02-21",4,1,0,0,0,0,4,0,4,1,0,1
"2024-02-22",55,26,0,0,1,1,14,48,62,11,15,26
"2024-02-23",11,6,0,0,1,1,8,4,12,3,3,6
"2024-02-24",9,5,0,0,0,0,3,7,10,3,3,6
"2024-02-25",8,6,0,0,1,1,0,9,9,0,6,6
"2024-02-26",12,9,0,0,2,2,7,7,14,4,5,9
"2024-02-27",23,12,0,0,2,2,13,17,30,6,6,12
"2024-02-28",8,7,0,0,2,2,3,8,11,3,4,7
"2024-02-29",18,3,0,0,0,0,0,18,18,0,3,3
"2024-03-01",2,1,0,0,1,1,0,4,4,0,1,1
"2024-03-02",0,0,0,0,0,0,0,0,0,0,0,0
"2024-03-03",6,3,0,0,0,0,0,6,6,0,3,3
"2024-03-04",2,2,0,0,0,0,2,0,2,2,0,2
"2024-03-05",10,6,0,0,0,0,4,7,11,3,3,6
"2024-03-06",3,2,0,0,1,1,2,3,5,1,1,2
"2024-03-07",20,6,0,0,0,0,15,6,21,3,3,6
"2024-03-08",2,2,0,0,0,0,2,0,2,2,0,2
"2024-03-09",8,5,0,0,0,0,2,9,11,2,3,5
"2024-03-10",6,3,0,0,0,0,2,4,6,1,2,3
"2024-03-11",9,7,0,0,0,0,6,3,9,5,2,7
"2024-03-12",7,4,0,0,0,0,6,3,9,1,3,4
"2024-03-13",2,2,0,0,3,2,2,3,5,1,1,2
"2024-03-14",11,7,0,0,1,1,11,2,13,6,1,7
"2024-03-15",10,7,0,0,4,3,7,13,20,3,4,7
"2024-03-16",7,3,0,0,0,0,1,7,8,1,2,3
"2024-03-17",3,3,0,0,0,0,1,2,3,1,2,3
"2024-03-18",6,5,0,0,0,0,6,1,7,4,1,5
"2024-03-19",4,1,0,0,1,1,4,1,5,1,1,2
"2024-03-20",6,5,0,0,1,1,3,4,7,2,3,5
"2024-03-21",5,2,0,0,0,0,3,3,6,1,1,2
"2024-03-22",2,2,0,0,0,0,0,2,2,0,2,2
"2024-03-23",2,1,0,0,0,0,0,2,2,0,1,1
"2024-03-24",0,0,0,0,0,0,0,0,0,0,0,0
"2024-03-25",12,5,0,0,0,0,5,7,12,3,2,5
"2024-03-26",6,1,0,0,0,0,6,0,6,1,0,1
"2024-03-27",9,5,0,0,0,0,3,6,9,3,3,5
"2024-03-28",5,2,0,0,0,0,4,1,5,1,1,2
"2024-03-29",0,0,0,0,0,0,0,0,0,0,0,0
"2024-03-30",0,0,0,0,0,0,0,0,0,0,0,0
"2024-03-31",4,2,0,0,0,0,0,4,4,0,2,2
"2024-04-01",5,2,0,0,1,1,6,0,6,2,0,2
"2024-04-02",9,4,0,0,1,1,3,7,10,1,3,4
"2024-04-03",4,3,0,0,1,1,5,2,7,2,1,3
"2024-04-04",4,2,0,0,1,1,1,4,5,1,1,2
"2024-04-05",2,2,0,0,0,0,2,0,2,2,0,2
"2024-04-06",1,1,0,0,0,0,3,0,3,1,0,1
"2024-04-07",2,1,0,0,0,0,0,2,2,0,1,1
"2024-04-08",5,2,0,0,0,0,10,0,10,2,0,2
"2024-04-09",10,5,0,0,0,0,1,9,10,1,4,5
"2024-04-10",8,7,0,0,0,0,4,4,8,4,3,7
"2024-04-11",10,4,0,0,1,1,14,0,14,4,0,4
"2024-04-12",1,1,0,0,0,0,1,0,1,1,0,1
"2024-04-13",1,1,0,0,0,0,3,0,3,1,0,1
"2024-04-14",0,0,0,0,0,0,0,0,0,0,0,0
"2024-04-15",19,3,0,0,0,0,20,0,20,3,0,3
"2024-04-16",1,1,0,0,0,0,1,0,1,1,0,1
"2024-04-17",20,10,0,0,1,1,11,14,25,5,5,10
"2024-04-18",8,1,0,0,0,0,0,13,13,0,1,1
"2024-04-19",0,0,0,0,0,0,0,0,0,0,0,0
"2024-04-20",2,1,0,0,0,0,3,0,3,1,0,1
"2024-04-21",2,1,0,0,0,0,0,2,2,0,1,1
"2024-04-22",6,5,0,0,0,0,4,4,8,2,3,5
"2024-04-23",8,5,0,0,0,0,9,1,10,4,1,5
"2024-04-24",2,2,0,0,0,0,1,3,4,1,1,2
"2024-04-25",9,2,0,0,0,0,10,0,10,2,0,2
"2024-04-26",7,2,0,0,0,0,6,1,7,1,1,2
"2024-04-27",0,0,0,0,0,0,0,0,0,0,0,0
"2024-04-28",0,0,0,0,0,0,0,0,0,0,0,0
"2024-04-29",27,9,0,0,1,1,0,29,29,0,9,9
"2024-04-30",11,6,0,0,0,0,1,10,11,1,5,6
"2024-05-01",3,2,0,0,0,0,0,3,3,0,2,2
"2024-05-02",10,4,0,0,0,0,2,8,10,2,2,4
"2024-05-03",5,3,0,0,1,1,0,8,8,0,3,3
"2024-05-04",0,0,0,0,0,0,0,0,0,0,0,0
"2024-05-05",10,4,0,0,1,1,5,7,12,2,2,4
"2024-05-06",3,3,0,0,0,0,3,0,3,3,0,3
"2024-05-07",17,3,0,0,3,2,3,17,20,1,2,3
"2024-05-08",25,3,0,0,0,0,25,0,25,3,0,3
"2024-05-09",3,2,0,0,0,0,2,2,4,1,1,2
"2024-05-10",2,2,0,0,0,0,1,1,2,1,1,2
"2024-05-11",0,0,0,0,0,0,0,0,0,0,0,0
"2024-05-12",0,0,0,0,0,0,0,0,0,0,0,0
"2024-05-13",17,7,0,0,0,0,10,7,17,2,5,7
"2024-05-14",4,3,0,0,0,0,1,3,4,1,2,3
"2024-05-15",28,15,0,0,4,3,18,21,39,6,9,15
"2024-05-16",17,10,0,0,2,2,13,8,21,6,4,10
"2024-05-17",8,6,0,0,1,1,3,6,9,3,3,6
"2024-05-18",2,2,0,0,0,0,1,1,2,1,1,2
"2024-05-19",2,2,0,0,0,0,0,2,2,0,2,2
"2024-05-20",13,8,0,0,3,3,9,13,22,3,6,9
"2024-05-21",19,6,0,0,6,3,5,32,37,1,5,6
"2024-05-22",2,1,0,0,0,0,2,0,2,1,0,1
"2024-05-23",10,4,0,0,2,1,15,1,16,3,1,4
"2024-05-24",3,2,0,0,0,0,3,0,3,2,0,2
"2024-05-25",3,2,0,0,0,0,0,3,3,0,2,2
"2024-05-26",2,2,0,0,0,0,1,1,2,1,1,2
"2024-05-27",6,5,0,0,0,0,7,1,8,4,1,5
"2024-05-28",1,1,0,0,0,0,0,1,1,0,1,1
"2024-05-29",4,2,0,0,1,1,2,3,5,1,1,2
"2024-05-30",0,0,0,0,0,0,0,0,0,0,0,0
"2024-05-31",0,0,0,0,0,0,1,0,1,1,0,1
"2024-06-01",3,2,0,0,1,1,3,2,5,1,1,2
"2024-06-02",3,3,0,0,0,0,0,3,3,0,3,3
"2024-06-03",8,5,0,0,1,1,3,9,12,3,2,5
"2024-06-04",5,2,0,0,0,0,1,5,6,1,1,2
"2024-06-05",4,3,0,0,0,0,5,0,5,3,0,3
"2024-06-06",19,10,0,0,0,0,10,12,22,7,3,10
"2024-06-07",4,1,0,0,0,0,0,5,5,0,1,1
"2024-06-08",2,2,0,0,0,0,0,4,4,0,2,2
"2024-06-09",0,0,0,0,0,0,0,0,0,0,0,0
"2024-06-10",8,5,0,0,0,0,6,2,8,3,2,5
"2024-06-11",10,8,0,0,2,2,8,6,14,5,4,9
"2024-06-12",18,6,0,0,1,1,16,5,21,4,2,6
"2024-06-13",1,1,0,0,0,0,0,1,1,0,1,1
"2024-06-14",1,1,0,0,0,0,2,0,2,1,0,1
"2024-06-15",21,4,0,0,0,0,0,21,21,0,4,4
"2024-06-16",3,2,0,0,0,0,0,3,3,0,2,2
"2024-06-17",6,4,0,0,0,0,1,7,8,1,3,4
"2024-06-18",1,1,0,0,0,0,0,1,1,0,1,1
"2024-06-19",9,3,0,0,0,0,9,0,9,3,0,3
"2024-06-20",5,3,0,0,0,0,2,3,5,1,2,3
"2024-06-21",9,4,0,0,0,0,8,1,9,3,1,4
"2024-06-22",0,0,0,0,0,0,0,0,0,0,0,0
"2024-06-23",0,0,0,0,0,0,0,0,0,0,0,0
"2024-06-24",6,3,0,0,0,0,5,2,7,3,2,4
"2024-06-25",4,4,0,0,0,0,2,3,5,2,2,4
"2024-06-26",17,10,0,0,2,2,12,12,24,5,6,11
"2024-06-27",15,6,0,0,1,1,4,19,23,3,4,7
"2024-06-28",2,2,0,0,1,1,1,5,6,1,1,2
"2024-06-29",0,0,0,0,0,0,0,0,0,0,0,0
"2024-06-30",1,1,0,0,0,0,2,0,2,1,0,1
"2024-07-01",6,5,0,0,0,0,5,1,6,4,1,5
"2024-07-02",5,5,0,0,0,0,2,5,7,2,4,6
"2024-07-03",7,4,0,0,1,1,5,3,8,2,2,4
"2024-07-04",2,1,0,0,1,1,2,1,3,1,1,2
"2024-07-05",0,0,0,0,0,0,0,0,0,0,0,0
"2024-07-06",0,0,0,0,0,0,2,0,2,1,0,1
"2024-07-07",1,1,0,0,0,0,1,0,1,1,0,1
"2024-07-08",5,2,0,0,0,0,5,0,5,2,0,2
"2024-07-09",8,5,0,0,2,2,14,0,14,5,0,5
"2024-07-10",9,5,0,0,1,1,10,0,10,5,0,5
"2024-07-11",1,1,0,0,0,0,0,1,1,0,1,1
"2024-07-12",0,0,0,0,0,0,0,0,0,0,0,0
"2024-07-13",0,0,0,0,0,0,0,0,0,0,0,0
"2024-07-14",0,0,0,0,0,0,0,0,0,0,0,0
"2024-07-15",0,0,0,0,0,0,0,0,0,0,0,0
"2024-07-16",20,2,0,0,0,0,20,0,20,2,0,2
"2024-07-17",4,3,0,0,0,0,7,2,9,3,1,4
"2024-07-18",4,1,0,0,0,0,4,0,4,1,0,1
"2024-07-19",1,1,0,0,0,0,1,0,1,1,0,1
"2024-07-20",0,0,0,0,0,0,0,0,0,0,0,0
"2024-07-21",0,0,0,0,0,0,0,0,0,0,0,0
"2024-07-22",34,20,0,0,2,2,22,20,42,9,11,20
"2024-07-23",24,19,0,0,2,1,11,16,27,7,12,19
"2024-07-24",17,5,0,0,1,1,12,6,18,1,5,6
"2024-07-25",14,4,0,0,0,0,15,3,18,3,1,4
"2024-07-26",2,2,0,0,0,0,1,1,2,1,1,2
"2024-07-27",1,1,0,0,0,0,1,0,1,1,0,1
"2024-07-28",0,0,0,0,0,0,0,0,0,0,0,0
"2024-07-29",5,5,0,0,0,0,4,1,5,4,1,5
"2024-07-30",5,2,0,0,1,1,7,0,7,2,0,2
"2024-07-31",3,2,0,0,0,0,4,0,4,2,0,2
"2024-08-01",1,1,0,0,1,1,0,2,2,0,1,1
"2024-08-02",1,1,0,0,0,0,0,1,1,0,1,1
"2024-08-03",0,0,0,0,0,0,0,0,0,0,0,0
"2024-08-04",6,1,0,0,1,1,0,10,10,0,2,2
"2024-08-05",2,1,0,0,0,0,2,0,2,1,0,1
"2024-08-06",5,4,0,0,0,0,4,1,5,3,1,4
"2024-08-07",4,4,0,0,0,0,4,0,4,4,0,4
"2024-08-08",7,1,0,0,0,0,7,0,7,1,0,1
"2024-08-09",0,0,0,0,0,0,0,1,1,0,1,1
"2024-08-10",0,0,0,0,0,0,0,0,0,0,0,0
"2024-08-11",2,2,0,0,0,0,0,2,2,0,2,2
"2024-08-12",10,2,0,0,0,0,10,0,10,2,0,2
"2024-08-13",6,1,0,0,1,1,6,3,9,1,2,3
"2024-08-14",7,3,0,0,0,0,2,5,7,1,2,3
"2024-08-15",5,2,0,0,0,0,0,5,5,0,2,2
"2024-08-16",1,1,0,0,0,0,0,1,1,0,1,1
"2024-08-17",0,0,0,0,0,0,0,0,0,0,0,0
"2024-08-18",1,1,0,0,0,0,1,0,1,1,0,1
"2024-08-19",8,3,0,0,1,1,8,3,11,3,1,4
"2024-08-20",9,4,0,0,0,0,6,3,9,3,1,4
"2024-08-21",11,2,0,0,0,0,11,0,11,2,0,2
"2024-08-22",1,1,0,0,0,0,1,0,1,1,0,1
"2024-08-23",0,0,0,0,0,0,0,0,0,0,0,0
"2024-08-24",2,2,0,0,0,0,0,2,2,0,2,2
"2024-08-25",4,3,0,0,0,0,1,3,4,1,2,3
"2024-08-26",4,3,0,0,2,1,1,5,6,1,2,3
"2024-08-27",3,2,0,0,0,0,1,2,3,1,1,2
"2024-08-28",2,1,0,0,0,0,2,0,2,1,0,1
"2024-08-29",8,3,0,0,0,0,8,0,8,3,0,3
"2024-08-30",1,1,0,0,0,0,0,1,1,0,1,1
"2024-08-31",3,2,0,0,0,0,3,0,3,2,0,2
"2024-09-01",1,1,0,0,0,0,1,0,1,1,0,1
"2024-09-02",2,1,0,0,0,0,0,8,8,0,1,1
"2024-09-03",11,7,0,0,2,2,4,11,15,3,6,9
"2024-09-04",6,3,0,0,0,0,6,0,6,3,0,3
"2024-09-05",0,0,0,0,0,0,0,1,1,0,1,1
"2024-09-06",5,3,0,0,0,0,5,0,5,3,0,3
"2024-09-07",0,0,0,0,0,0,0,0,0,0,0,0
"2024-09-08",0,0,0,0,0,0,0,0,0,0,0,0
"2024-09-09",1,1,0,0,0,0,1,0,1,1,0,1
"2024-09-10",8,6,0,0,0,0,2,11,13,1,5,6
"2024-09-11",9,6,0,0,0,0,7,2,9,4,2,6
"2024-09-12",3,1,0,0,2,2,0,7,7,0,2,2
"2024-09-13",3,2,0,0,0,0,3,0,3,2,0,2
"2024-09-14",1,1,0,0,0,0,0,1,1,0,1,1
"2024-09-15",1,1,0,0,0,0,0,1,1,0,1,1
"2024-09-16",2,2,0,0,2,1,4,5,9,2,1,3
"2024-09-17",10,9,0,0,1,1,11,0,11,9,0,9
"2024-09-18",0,0,0,0,0,0,0,0,0,0,0,0
"2024-09-19",0,0,0,0,0,0,0,0,0,0,0,0
"2024-09-20",1,1,0,0,0,0,0,4,4,0,1,1
"2024-09-21",5,3,0,0,0,0,4,2,6,2,1,3
"2024-09-22",3,2,0,0,0,0,0,4,4,0,2,2
"2024-09-23",7,5,0,0,0,0,2,5,7,2,3,5
"2024-09-24",4,3,0,0,3,2,6,2,8,3,2,5
"2024-09-25",3,3,0,0,0,0,2,3,5,2,1,3
"2024-09-26",4,2,0,0,1,1,1,6,7,1,1,2
"2024-09-27",1,1,0,0,0,0,2,0,2,2,0,2
"2024-09-28",1,1,0,0,0,0,0,1,1,0,1,1
"2024-09-29",0,0,0,0,0,0,0,0,0,0,0,0
"2024-09-30",3,2,0,0,1,1,3,4,7,2,2,4
"2024-10-01",7,4,0,0,2,1,6,7,13,3,2,5
"2024-10-02",0,0,0,0,0,0,0,0,0,0,0,0
"2024-10-03",0,0,0,0,0,0,0,0,0,0,0,0
"2024-10-04",1,1,0,0,0,0,0,1,1,0,1,1
"2024-10-05",0,0,0,0,0,0,0,0,0,0,0,0
"2024-10-06",2,1,0,0,0,0,0,4,4,0,1,1
"2024-10-07",1,1,0,0,1,1,0,2,2,0,1,1
"2024-10-08",1,1,0,0,0,0,1,0,1,1,0,1
"2024-10-09",3,2,0,0,0,0,2,2,4,1,2,3
"2024-10-10",1,1,0,0,0,0,0,1,1,0,1,1
"2024-10-11",0,0,0,0,0,0,0,0,0,0,0,0
"2024-10-12",0,0,0,0,0,0,0,0,0,0,0,0
"2024-10-13",1,1,0,0,0,0,1,0,1,1,0,1
"2024-10-14",1,1,0,0,0,0,1,0,1,1,0,1
"2024-10-15",0,0,0,0,0,0,0,0,0,0,0,0
"2024-10-16",0,0,0,0,0,0,0,0,0,0,0,0
"2024-10-17",1,1,0,0,0,0,1,0,1,1,0,1
"2024-10-18",2,2,0,0,0,0,3,0,3,2,0,2
"2024-10-19",0,0,0,0,0,0,0,0,0,0,0,0
"2024-10-20",0,0,0,0,0,0,0,0,0,0,0,0
"2024-10-21",0,0,0,0,0,0,0,0,0,0,0,0
"2024-10-22",2,2,0,0,0,0,2,0,2,2,0,2
"2024-10-23",3,2,0,0,0,0,3,0,3,2,0,2
"2024-10-24",1,1,0,0,0,0,0,1,1,0,1,1
"2024-10-25",0,0,0,0,0,0,0,0,0,0,0,0
"2024-10-26",0,0,0,0,0,0,0,0,0,0,0,0
"2024-10-27",1,1,0,0,0,0,1,0,1,1,0,1
"2024-10-28",8,4,0,0,0,0,3,5,8,1,3,4
"2024-10-29",0,0,0,0,0,0,0,0,0,0,0,0
"2024-10-30",2,2,0,0,0,0,2,2,4,1,2,3
"2024-10-31",3,2,0,0,0,0,3,0,3,2,0,2
"2024-11-01",10,1,0,0,0,0,10,0,10,1,0,1
"2024-11-02",0,0,0,0,0,0,0,0,0,0,0,0
"2024-11-03",1,1,0,0,0,0,0,1,1,0,1,1
"2024-11-04",4,4,0,0,0,0,3,1,4,3,1,4
"2024-11-05",5,3,0,0,0,0,5,0,5,3,0,3
"2024-11-06",0,0,0,0,0,0,0,0,0,0,0,0
"2024-11-07",2,2,0,0,0,0,2,0,2,2,0,2
"2024-11-08",2,2,0,0,1,1,1,4,5,1,2,3
"2024-11-09",0,0,0,0,0,0,0,0,0,0,0,0
"2024-11-10",0,0,0,0,0,0,0,0,0,0,0,0
"2024-11-11",9,8,0,0,2,2,8,14,22,6,6,12
"2024-11-12",14,10,0,0,3,1,9,20,29,6,5,11
"2024-11-13",2,2,0,0,0,0,1,1,2,1,1,2
"2024-11-14",4,2,0,0,0,0,0,5,5,0,2,2
"2024-11-15",10,5,0,0,0,0,7,3,10,3,2,5
"2024-11-16",0,0,0,0,0,0,0,0,0,0,0,0
"2024-11-17",1,1,0,0,0,0,0,1,1,0,1,1
"2024-11-18",5,2,0,0,1,1,7,1,8,2,1,3
"2024-11-19",0,0,0,0,0,0,0,2,2,0,1,1
"2024-11-20",6,6,0,0,0,0,4,2,6,4,2,6
"2024-11-21",0,0,0,0,0,0,0,0,0,0,0,0
"2024-11-22",1,1,0,0,0,0,2,0,2,1,0,1
"2024-11-23",0,0,0,0,0,0,0,0,0,0,0,0
"2024-11-24",6,3,0,0,0,0,2,4,6,2,1,3
"2024-11-25",8,6,0,0,1,1,9,0,9,6,0,6
"2024-11-26",4,2,0,0,2,1,2,4,6,1,1,2
"2024-11-27",4,4,0,0,0,0,3,1,4,3,1,4
"2024-11-28",7,4,0,0,0,0,5,2,7,3,1,4
"2024-11-29",4,3,0,0,0,0,2,2,4,1,2,3
"2024-11-30",0,0,0,0,0,0,0,0,0,0,0,0
"2024-12-01",0,0,0,0,0,0,0,0,0,0,0,0
"2024-12-02",4,3,0,0,0,0,4,0,4,3,0,3
"2024-12-03",4,3,0,0,0,0,4,0,4,3,0,3
"2024-12-04",2,1,0,0,0,0,2,1,3,1,1,2
"2024-12-05",0,0,0,0,0,0,0,0,0,0,0,0
"2024-12-06",16,6,0,0,3,1,6,13,19,2,4,6
"2024-12-07",0,0,0,0,0,0,0,0,0,0,0,0
"2024-12-08",4,1,0,0,0,0,4,0,4,1,0,1
"2024-12-09",3,2,0,0,0,0,3,1,4,1,1,2
"2024-12-10",5,4,0,0,4,1,3,13,16,2,4,6
"2024-12-11",15,10,0,0,0,0,10,10,20,8,4,11
"2024-12-12",0,0,0,0,0,0,0,0,0,0,0,0
"2024-12-13",4,2,0,0,1,1,4,1,5,2,1,3
"2024-12-14",10,3,0,0,1,1,11,0,11,3,0,3
"2024-12-15",3,1,0,0,0,0,0,3,3,0,1,1
"2024-12-16",4,3,0,0,0,0,2,3,5,2,2,4
"2024-12-17",12,6,0,0,0,0,12,1,13,6,1,7
"2024-12-18",0,0,0,0,0,0,0,0,0,0,0,0
"2024-12-19",0,0,0,0,0,0,0,0,0,0,0,0
"2024-12-20",1,1,0,0,0,0,0,2,2,0,1,1
"2024-12-21",0,0,0,0,0,0,0,0,0,0,0,0
"2024-12-22",1,1,0,0,0,0,1,0,1,1,0,1
"2024-12-23",0,0,0,0,0,0,0,0,0,0,0,0
"2024-12-24",1,1,0,0,0,0,0,1,1,0,1,1
"2024-12-25",1,1,0,0,0,0,0,1,1,0,1,1
"2024-12-26",1,1,0,0,1,1,0,2,2,0,1,1
"2024-12-27",1,1,0,0,0,0,1,0,1,1,0,1
"2024-12-28",0,0,0,0,0,0,0,0,0,0,0,0
"2024-12-29",0,0,0,0,0,0,0,0,0,0,0,0
"2024-12-30",2,2,0,0,0,0,1,1,2,1,1,2
"2024-12-31",0,0,0,0,0,0,0,0,0,0,0,0
"2025-01-01",1,1,0,0,0,0,0,1,1,0,1,1
"2025-01-02",0,0,0,0,0,0,0,0,0,0,0,0
"2025-01-03",0,0,0,0,0,0,0,1,1,0,1,1
"2025-01-04",0,0,0,0,0,0,0,0,0,0,0,0
"2025-01-05",3,1,0,0,0,0,0,3,3,0,1,1
"2025-01-06",0,0,0,0,0,0,0,0,0,0,0,0
"2025-01-07",2,1,0,0,0,0,0,2,2,0,1,1
"2025-01-08",2,1,0,0,0,0,2,0,2,1,0,1
"2025-01-09",4,4,0,0,0,0,0,4,4,0,4,4
"2025-01-10",3,2,0,0,0,0,0,3,3,0,2,2
"2025-01-11",0,0,0,0,0,0,0,0,0,0,0,0
"2025-01-12",0,0,0,0,1,1,0,1,1,0,1,1
"2025-01-13",3,2,0,0,0,0,1,6,7,1,1,2
"2025-01-14",0,0,0,0,0,0,0,0,0,0,0,0
"2025-01-15",1,1,0,0,1,1,0,4,4,0,1,1
"2025-01-16",3,3,0,0,0,0,1,2,3,1,2,3
"2025-01-17",2,1,0,0,1,1,3,0,3,1,0,1
"2025-01-18",0,0,0,0,0,0,0,0,0,0,0,0
"2025-01-19",3,2,0,0,2,1,1,4,5,1,1,2
"2025-01-20",3,3,0,0,2,1,2,6,8,2,2,4
"2025-01-21",0,0,0,0,0,0,0,0,0,0,0,0
"2025-01-22",1,1,0,0,0,0,1,0,1,1,0,1
"2025-01-23",0,0,0,0,0,0,0,0,0,0,0,0
"2025-01-24",1,1,0,0,0,0,1,0,1,1,0,1
"2025-01-25",1,1,0,0,0,0,0,1,1,0,1,1
"2025-01-26",0,0,0,0,1,1,0,1,1,0,1,1
"2025-01-27",17,9,0,0,4,4,9,18,27,7,6,13
"2025-01-28",14,7,0,0,0,0,13,3,16,5,2,7
"2025-01-29",3,2,0,0,1,1,3,6,9,1,3,3
"2025-01-30",1,1,0,0,0,0,0,2,2,0,1,1
"2025-01-31",2,2,0,0,0,0,1,1,2,1,1,2
"2025-02-01",0,0,0,0,0,0,0,0,0,0,0,0
"2025-02-02",0,0,0,0,0,0,0,0,0,0,0,0
"2025-02-03",3,2,0,0,0,0,3,4,7,2,1,3
"2025-02-04",1,1,0,0,2,1,1,2,3,1,1,2
"2025-02-05",4,3,0,0,2,1,4,4,8,3,2,5
"2025-02-06",2,1,0,0,1,1,0,5,5,0,1,1
"2025-02-07",2,2,0,0,0,0,2,0,2,2,0,2
"2025-02-08",1,1,0,0,0,0,1,0,1,1,0,1
"2025-02-09",6,3,0,0,1,1,5,4,9,2,2,3
"2025-02-10",3,3,0,0,3,3,5,1,6,4,1,5
"2025-02-11",3,3,0,0,0,0,3,0,3,3,0,3
"2025-02-12",6,4,0,0,1,1,4,3,7,2,2,4
"2025-02-13",4,2,0,0,0,0,0,4,4,0,2,2
"2025-02-14",2,1,0,0,0,0,0,2,2,0,1,1
"2025-02-15",0,0,0,0,0,0,0,0,0,0,0,0
"2025-02-16",0,0,0,0,0,0,0,0,0,0,0,0
"2025-02-17",2,2,0,0,0,0,3,0,3,2,0,2
"2025-02-18",0,0,0,0,0,0,0,0,0,0,0,0
"2025-02-19",15,3,0,0,2,2,17,7,24,2,2,4
"2025-02-20",0,0,0,0,0,0,0,0,0,0,0,0
"2025-02-21",2,2,0,0,0,0,2,0,2,2,0,2
"2025-02-22",0,0,0,0,0,0,0,0,0,0,0,0
"2025-02-23",1,1,0,0,0,0,0,1,1,0,1,1
"2025-02-24",2,2,0,0,1,1,1,8,9,1,1,2
"2025-02-25",8,4,0,0,0,0,8,0,8,4,0,4
"2025-02-26",2,2,0,0,0,0,1,1,2,1,1,2
"2025-02-27",17,12,0,0,0,0,11,7,18,6,7,13
"2025-02-28",17,11,0,0,0,0,10,8,18,5,7,12
"2025-03-01",10,8,0,0,0,0,2,8,10,2,6,8
"2025-03-02",14,9,0,0,5,5,3,19,22,3,10,13
"2025-03-03",9,8,0,0,0,0,3,6,9,3,5,8
"2025-03-04",19,8,0,0,2,2,15,8,23,5,4,9
"2025-03-05",10,6,0,0,3,3,9,8,17,4,4,8
"2025-03-06",4,4,0,0,1,1,3,2,5,3,1,4
"2025-03-07",5,2,0,0,3,1,4,4,8,1,1,2
"2025-03-08",1,1,0,0,0,0,0,1,1,0,1,1
"2025-03-09",0,0,0,0,0,0,0,0,0,0,0,0
"2025-03-10",9,6,0,0,2,2,8,5,13,3,3,6
"2025-03-11",5,4,0,0,0,0,6,0,6,4,0,4
"2025-03-12",1,1,0,0,0,0,1,0,1,1,0,1
"2025-03-13",4,2,0,0,0,0,3,2,5,1,2,3
"2025-03-14",2,1,0,0,0,0,0,2,2,0,1,1
"2025-03-15",0,0,0,0,0,0,0,1,1,0,1,1
"2025-03-16",5,3,0,0,2,1,5,3,8,1,2,3
"2025-03-17",11,6,0,0,1,1,7,6,13,3,4,7
"2025-03-18",8,1,0,0,0,0,9,2,11,1,1,2
"2025-03-19",1,1,0,0,0,0,0,1,1,0,1,1
"2025-03-20",11,2,0,0,5,2,16,2,18,1,1,2
"2025-03-21",3,2,0,0,0,0,2,2,4,1,1,2
"2025-03-22",0,0,0,0,1,1,0,3,3,0,1,1
"2025-03-23",3,2,0,0,0,0,2,1,3,1,1,2
"2025-03-24",4,4,0,0,2,1,2,7,9,2,4,6
"2025-03-25",3,3,0,0,0,0,3,1,4,2,1,3
"2025-03-26",7,4,0,0,0,0,6,3,9,3,1,4
"2025-03-27",5,2,0,0,0,0,4,2,6,1,1,2
"2025-03-28",1,1,0,0,0,0,1,0,1,1,0,1
"2025-03-29",2,1,0,0,0,0,2,0,2,1,0,1
"2025-03-30",2,1,0,0,1,1,3,0,3,1,0,1
"2025-03-31",2,2,0,0,0,0,3,0,3,2,0,2
"2025-04-01",6,3,0,0,1,1,7,0,7,3,0,3
"2025-04-02",3,2,0,0,1,1,4,1,5,2,1,3
"2025-04-03",0,0,0,0,0,0,0,2,2,0,1,1
"2025-04-04",3,2,0,0,0,0,5,0,5,2,0,2
"2025-04-05",0,0,0,0,0,0,0,0,0,0,0,0
"2025-04-06",1,1,0,0,2,1,0,7,7,0,1,1
"2025-04-07",11,7,0,0,1,1,12,6,18,5,3,8
"2025-04-08",0,0,0,0,0,0,0,2,2,0,1,1
"2025-04-09",3,2,0,0,0,0,0,3,3,0,2,2
"2025-04-10",2,1,0,0,0,0,3,0,3,1,0,1
"2025-04-11",2,1,0,0,0,0,2,0,2,1,0,1
"2025-04-12",1,1,0,0,0,0,0,1,1,0,1,1
"2025-04-13",0,0,0,0,0,0,0,0,0,0,0,0
"2025-04-14",8,5,0,0,0,0,8,4,12,5,1,6
"2025-04-15",0,0,0,0,0,0,0,0,0,0,0,0
"2025-04-16",0,0,0,0,0,0,0,0,0,0,0,0
"2025-04-17",4,2,0,0,1,1,3,4,7,1,1,2
"2025-04-18",1,1,0,0,0,0,1,0,1,1,0,1
"2025-04-19",0,0,0,0,0,0,0,0,0,0,0,0
"2025-04-20",0,0,0,0,0,0,0,1,1,0,1,1
"2025-04-21",2,2,0,0,1,1,0,4,4,0,2,2
"2025-04-22",29,3,0,0,2,2,18,14,32,2,4,6
"2025-04-23",0,0,0,0,0,0,0,0,0,0,0,0
"2025-04-24",5,4,0,0,0,0,5,1,6,3,1,4
"2025-04-25",0,0,0,0,0,0,0,0,0,0,0,0
"2025-04-26",1,1,0,0,0,0,0,1,1,0,1,1
"2025-04-27",1,1,0,0,0,0,0,2,2,0,1,1
"2025-04-28",16,13,0,0,13,7,10,36,46,8,16,23
"2025-04-29",6,4,0,0,0,0,4,3,7,2,2,4
"2025-04-30",4,4,0,0,3,1,3,8,11,3,2,5
"2025-05-01",11,3,0,0,2,1,21,0,21,3,0,3
"2025-05-02",5,1,0,0,1,1,5,1,6,1,1,2
"2025-05-03",4,2,0,0,0,0,4,0,4,2,0,2
"2025-05-04",4,2,0,0,4,3,12,4,16,2,3,5
"2025-05-05",13,4,0,0,0,0,12,1,13,3,1,4
"2025-05-06",2,2,0,0,2,2,1,7,8,1,2,3
"2025-05-07",0,0,0,0,0,0,0,0,0,0,0,0
"2025-05-08",4,3,0,0,0,0,2,5,7,1,2,3
"2025-05-09",3,3,0,0,0,0,2,1,3,2,1,3
"2025-05-10",0,0,0,0,0,0,0,0,0,0,0,0
"2025-05-11",1,1,0,0,0,0,1,0,1,1,0,1
"2025-05-12",4,3,0,0,1,1,4,1,5,3,1,4
"2025-05-13",7,5,0,0,0,0,5,3,8,3,3,5
"2025-05-14",4,3,0,0,0,0,3,1,4,3,1,3
"2025-05-15",1,1,0,0,0,0,0,2,2,0,1,1
"2025-05-16",0,0,0,0,0,0,0,0,0,0,0,0
"2025-05-17",0,0,0,0,0,0,0,0,0,0,0,0
"2025-05-18",0,0,0,0,0,0,0,0,0,0,0,0
"2025-05-19",0,0,0,0,0,0,0,0,0,0,0,0
"2025-05-20",1,1,0,0,0,0,1,0,1,1,0,1
"2025-05-21",5,2,0,0,0,0,5,0,5,2,0,2
"2025-05-22",1,1,0,0,1,1,1,1,2,1,1,2
"2025-05-23",8,4,0,0,1,1,8,1,9,3,1,4
"2025-05-24",1,1,0,0,1,1,0,2,2,0,2,2
"2025-05-25",0,0,0,0,0,0,0,0,0,0,0,0
"2025-05-26",4,4,0,0,1,1,2,5,7,2,3,5
"2025-05-27",4,3,0,0,0,0,4,0,4,3,0,3
"2025-05-28",5,3,0,0,0,0,4,1,5,2,1,3
"2025-05-29",1,1,0,0,0,0,1,0,1,1,0,1
"2025-05-30",1,1,0,0,0,0,0,2,2,0,1,1
"2025-05-31",3,1,0,0,0,0,0,3,3,0,1,1
"2025-06-01",0,0,0,0,0,0,0,0,0,0,0,0
"2025-06-02",3,2,0,0,1,1,3,1,4,2,1,3
"2025-06-03",4,4,0,0,1,1,4,1,5,4,1,5
"2025-06-04",3,2,0,0,0,0,1,2,3,1,1,2
"2025-06-05",3,1,0,0,1,1,3,8,11,1,3,4
"2025-06-06",5,2,0,0,0,0,6,0,6,2,0,2
"2025-06-07",0,0,0,0,0,0,0,0,0,0,0,0
"2025-06-08",7,1,0,0,0,0,7,0,7,1,0,1
"2025-06-09",0,0,0,0,2,2,0,6,6,0,2,2
"2025-06-10",2,2,0,0,1,1,4,0,4,2,0,2
"2025-06-11",3,2,0,0,0,0,2,1,3,1,1,2
"2025-06-12",8,5,0,0,0,0,6,2,8,4,2,5
"2025-06-13",8,7,0,0,1,1,0,11,11,0,7,7
"2025-06-14",11,7,0,0,3,2,3,15,18,2,5,7
"2025-06-15",10,3,0,0,0,0,5,7,12,2,1,3
"2025-06-16",1,1,0,0,0,0,0,1,1,0,1,1
"2025-06-17",8,6,0,0,1,1,9,0,9,6,0,6
"2025-06-18",4,4,0,0,0,0,3,1,4,3,1,4
"2025-06-19",5,2,0,0,0,0,6,0,6,2,0,2
"2025-06-20",0,0,0,0,0,0,0,0,0,0,0,0
"2025-06-21",1,1,0,0,0,0,1,0,1,1,0,1
"2025-06-22",0,0,0,0,0,0,0,0,0,0,0,0
"2025-06-23",6,4,0,0,0,0,4,3,7,3,1,4
"2025-06-24",2,2,0,0,1,1,1,3,4,1,1,2
"2025-06-25",1,1,0,0,0,0,1,0,1,1,0,1
"2025-06-26",8,3,0,0,1,1,10,0,10,3,0,3
"2025-06-27",0,0,0,0,0,0,0,0,0,0,0,0
"2025-06-28",2,1,0,0,0,0,2,0,2,1,0,1
"2025-06-29",1,1,0,0,0,0,0,1,1,0,1,1
"2025-06-30",8,6,0,0,1,1,9,7,16,4,2,6
"2025-07-01",5,3,0,0,0,0,4,1,5,2,1,3
"2025-07-02",3,3,0,0,0,0,3,0,3,3,0,3
"2025-07-03",8,4,0,0,0,0,8,0,8,4,0,4
"2025-07-04",0,0,0,0,3,1,0,3,3,0,1,1
"2025-07-05",1,1,0,0,0,0,0,1,1,0,1,1
"2025-07-06",0,0,0,0,0,0,0,0,0,0,0,0
"2025-07-07",1,1,0,0,2,2,0,4,4,0,2,2
"2025-07-08",1,1,0,0,0,0,1,0,1,1,0,1
"2025-07-09",3,3,0,0,0,0,3,1,4,2,1,3
"2025-07-10",4,4,0,0,0,0,4,1,5,3,1,4
"2025-07-11",3,1,0,0,0,0,3,0,3,1,0,1
"2025-07-12",2,1,0,0,1,1,0,5,5,0,1,1
"2025-07-13",0,0,0,0,0,0,0,0,0,0,0,0
"2025-07-14",2,1,0,0,0,0,2,0,2,1,0,1
"2025-07-15",4,4,0,0,1,1,5,0,5,4,0,4
"2025-07-16",4,4,0,0,0,0,2,3,5,2,2,4
"2025-07-17",2,2,0,0,0,0,2,0,2,2,0,2
"2025-07-18",4,4,0,0,1,1,3,2,5,3,2,5
"2025-07-19",1,1,0,0,0,0,0,1,1,0,1,1
"2025-07-20",5,2,0,0,0,0,5,0,5,2,0,2
"2025-07-21",10,5,0,0,3,2,12,6,18,5,2,6
"2025-07-22",3,1,0,0,0,0,3,0,3,1,0,1
"2025-07-23",2,2,0,0,0,0,2,0,2,2,0,2
"2025-07-24",1,1,0,0,0,0,0,1,1,0,1,1
"2025-07-25",8,3,0,0,6,1,8,6,14,3,1,4
"2025-07-26",3,3,0,0,0,0,3,0,3,3,0,3
"2025-07-27",0,0,0,0,1,1,0,1,1,0,1,1
"2025-07-28",8,3,0,0,4,1,8,5,13,3,2,5
"2025-07-29",3,1,0,0,0,0,3,0,3,1,0,1
"2025-07-30",7,2,0,0,0,0,7,0,7,2,0,2
"2025-07-31",3,1,0,0,1,1,5,0,5,1,0,1
"2025-08-01",0,0,0,0,0,0,0,0,0,0,0,0
"2025-08-02",2,2,0,0,0,0,1,1,2,1,1,2
"2025-08-03",2,2,0,0,0,0,2,0,2,2,0,2
"2025-08-04",0,0,0,0,0,0,0,0,0,0,0,0
"2025-08-05",2,2,0,0,0,0,1,2,3,1,1,2
"2025-08-06",6,3,0,0,0,0,6,0,6,3,0,3
"2025-08-07",0,0,0,0,0,0,0,0,0,0,0,0
"2025-08-08",0,0,0,0,0,0,0,0,0,0,0,0
"2025-08-09",1,1,0,0,0,0,1,0,1,1,0,1
"2025-08-10",0,0,0,0,0,0,0,0,0,0,0,0
"2025-08-11",0,0,0,0,0,0,0,0,0,0,0,0
"2025-08-12",1,1,0,0,0,0,0,1,1,0,1,1
"2025-08-13",8,2,0,0,0,0,7,1,8,1,1,2
"2025-08-14",4,3,0,0,0,0,3,1,4,2,1,3
"2025-08-15",0,0,0,0,0,0,0,0,0,0,0,0
"2025-08-16",0,0,0,0,0,0,0,0,0,0,0,0
"2025-08-17",0,0,0,0,0,0,0,0,0,0,0,0
"2025-08-18",6,2,0,0,1,1,7,0,7,2,0,2
"2025-08-19",0,0,0,0,0,0,0,0,0,0,0,0
"2025-08-20",0,0,0,0,1,1,0,1,1,0,1,1
"2025-08-21",2,1,0,0,0,0,2,0,2,1,0,1
"2025-08-22",6,2,0,0,0,0,8,0,8,2,0,2
"2025-08-23",0,0,0,0,0,0,0,0,0,0,0,0
"2025-08-24",2,1,0,0,0,0,2,0,2,1,0,1
"2025-08-25",4,3,0,0,0,0,3,1,4,2,1,3
"2025-08-26",1,1,0,0,0,0,1,0,1,1,0,1
"2025-08-27",2,1,0,0,0,0,2,0,2,1,0,1
"2025-08-28",0,0,0,0,0,0,0,0,0,0,0,0
"2025-08-29",2,1,0,0,0,0,2,0,2,1,0,1
"2025-08-30",1,1,0,0,0,0,1,0,1,1,0,1
"2025-08-31",0,0,0,0,0,0,0,0,0,0,0,0
"2025-09-01",2,2,0,0,0,0,2,0,2,2,0,2
"2025-09-02",6,4,0,0,0,0,6,1,7,4,1,5
"2025-09-03",1,1,0,0,0,0,0,1,1,0,1,1
"2025-09-04",1,1,0,0,0,0,1,2,3,1,1,2
"2025-09-05",0,0,0,0,0,0,0,0,0,0,0,0
"2025-09-06",2,1,0,0,0,0,2,0,2,1,0,1
"2025-09-07",0,0,0,0,0,0,0,0,0,0,0,0
"2025-09-08",7,5,0,0,0,0,7,1,8,4,1,5
"2025-09-09",7,2,0,0,1,1,2,7,9,1,1,2
"2025-09-10",9,3,0,0,1,1,6,4,10,2,1,3
"2025-09-11",12,7,0,0,0,0,10,3,13,5,2,7
"2025-09-12",2,2,0,0,0,0,2,0,2,2,0,2
"2025-09-13",1,1,0,0,0,0,2,0,2,1,0,1
"2025-09-14",9,4,0,0,2,2,9,3,12,2,2,4
"2025-09-15",5,3,0,0,0,0,2,4,6,1,2,3
"2025-09-16",1,1,0,0,0,0,2,0,2,1,0,1
"2025-09-17",9,1,0,0,0,0,9,0,9,1,0,1
"2025-09-18",1,1,0,0,0,0,1,0,1,1,0,1
"2025-09-19",1,1,0,0,0,0,0,1,1,0,1,1
"2025-09-20",2,1,0,0,0,0,0,2,2,0,1,1
"2025-09-21",0,0,0,0,0,0,0,0,0,0,0,0
"2025-09-22",1,1,0,0,0,0,0,1,1,0,1,1
"2025-09-23",0,0,0,0,0,0,0,0,0,0,0,0
"2025-09-24",13,7,0,0,0,0,9,5,14,4,3,7
"2025-09-25",1,1,0,0,0,0,1,0,1,1,0,1
"2025-09-26",6,2,0,0,0,0,6,0,6,2,0,2
"2025-09-27",0,0,0,0,0,0,0,0,0,0,0,0
"2025-09-28",0,0,0,0,0,0,0,0,0,0,0,0
"2025-09-29",4,2,0,0,0,0,7,0,7,2,0,2
"2025-09-30",3,1,0,0,0,0,3,4,7,1,1,2
"2025-10-01",2,2,0,0,0,0,1,1,2,1,1,2
"2025-10-02",1,1,0,0,0,0,0,1,1,0,1,1
"2025-10-03",1,1,0,0,0,0,3,0,3,1,0,1
"2025-10-04",0,0,0,0,0,0,0,1,1,0,1,1
"2025-10-05",0,0,0,0,0,0,0,0,0,0,0,0
"2025-10-06",4,2,0,0,0,0,4,0,4,2,0,2
"2025-10-07",5,2,0,0,0,0,5,0,5,2,0,2
"2025-10-08",3,1,0,0,1,1,0,7,7,0,1,1
"2025-10-09",0,0,0,0,0,0,0,1,1,0,1,1
"2025-10-10",0,0,0,0,0,0,0,1,1,0,1,1
"2025-10-11",1,1,0,0,0,0,1,0,1,1,0,1
"2025-10-12",0,0,0,0,0,0,0,0,0,0,0,0
"2025-10-13",2,2,0,0,0,0,1,1,2,1,1,2
"2025-10-14",1,1,0,0,0,0,1,0,1,1,0,1
"2025-10-15",35,1,0,0,0,0,35,0,35,1,0,1
"2025-10-16",3,1,0,0,0,0,0,3,3,0,1,1
"2025-10-17",0,0,0,0,0,0,0,0,0,0,0,0
"2025-10-18",1,1,0,0,0,0,0,1,1,0,1,1
"2025-10-19",0,0,0,0,0,0,0,0,0,0,0,0
"2025-10-20",9,6,0,0,0,0,3,7,10,3,3,6
"2025-10-21",2,1,0,0,1,1,0,4,4,0,2,2
"2025-10-22",1,1,0,0,0,0,1,0,1,1,0,1
"2025-10-23",5,2,0,0,0,0,5,0,5,2,0,2
"2025-10-24",4,1,0,0,1,1,4,1,5,1,1,2
"2025-10-25",1,1,0,0,0,0,0,5,5,0,1,1
"2025-10-26",3,2,0,0,0,0,4,0,4,3,0,3
"2025-10-27",4,3,0,0,0,0,1,4,5,1,2,3
"2025-10-28",2,2,0,0,0,0,2,0,2,2,0,2
"2025-10-29",4,2,0,0,1,1,4,3,7,1,1,2
"2025-10-30",5,3,0,0,2,2,4,4,8,2,2,4
"2025-10-31",2,2,0,0,0,0,2,0,2,2,0,2
"2025-11-01",0,0,0,0,0,0,0,0,0,0,0,0
"2025-11-02",0,0,0,0,0,0,0,0,0,0,0,0
"2025-11-03",15,1,0,0,1,1,15,3,18,1,1,2
"2025-11-04",4,2,0,0,1,1,4,2,6,2,2,3
"2025-11-05",1,1,0,0,0,0,0,1,1,0,1,1
"2025-11-06",3,1,0,0,0,0,3,0,3,1,0,1
"2025-11-07",3,3,0,0,0,0,2,1,3,2,1,3
"2025-11-08",1,1,0,0,0,0,0,1,1,0,1,1
"2025-11-09",0,0,0,0,0,0,0,0,0,0,0,0
"2025-11-10",2,1,0,0,0,0,2,0,2,1,0,1
"2025-11-11",4,1,0,0,0,0,4,0,4,1,0,1
"2025-11-12",0,0,0,0,0,0,0,0,0,0,0,0
"2025-11-13",7,3,0,0,2,1,0,14,14,0,3,3
"2025-11-14",1,1,0,0,0,0,0,1,1,0,1,1
"2025-11-15",0,0,0,0,0,0,0,0,0,0,0,0
"2025-11-16",0,0,0,0,0,0,0,2,2,0,1,1
"2025-11-17",3,1,0,0,0,0,3,0,3,1,0,1
"2025-11-18",13,6,0,0,0,0,10,3,13,3,3,6
"2025-11-19",3,2,0,0,5,3,8,5,13,2,2,4
"2025-11-20",0,0,0,0,1,1,0,1,1,0,1,1
"2025-11-21",2,1,0,0,0,0,2,0,2,1,0,1
"2025-11-22",1,1,0,0,0,0,1,0,1,1,0,1
"2025-11-23",1,1,0,0,0,0,2,0,2,1,0,1
"2025-11-24",8,4,0,0,2,2,3,11,14,2,4,6
"2025-11-25",2,2,0,0,0,0,0,2,2,0,2,2
"2025-11-26",0,0,0,0,1,1,0,1,1,0,1,1
"2025-11-27",0,0,0,0,0,0,0,0,0,0,0,0
"2025-11-28",0,0,0,0,0,0,0,0,0,0,0,0
"2025-11-29",0,0,0,0,0,0,0,0,0,0,0,0
"2025-11-30",0,0,0,0,0,0,0,0,0,0,0,0
"2025-12-01",2,1,0,0,1,1,4,1,5,1,1,2
"2025-12-02",2,1,0,0,0,0,3,0,3,1,0,1
"2025-12-03",8,1,0,0,1,1,12,0,12,1,0,1
"2025-12-04",0,0,0,0,0,0,0,0,0,0,0,0
"2025-12-05",0,0,0,0,1,1,0,1,1,0,1,1
"2025-12-06",5,1,0,0,1,1,9,0,9,1,0,1
"2025-12-07",2,1,0,0,0,0,0,2,2,0,1,1
"2025-12-08",2,2,0,0,0,0,2,0,2,2,0,2
"2025-12-09",4,2,0,0,0,0,1,3,4,1,1,2
"2025-12-10",0,0,0,0,0,0,0,0,0,0,0,0
"2025-12-11",1,1,0,0,0,0,0,1,1,0,1,1
"2025-12-12",2,2,0,0,0,0,0,2,2,0,2,2
"2025-12-13",0,0,0,0,0,0,0,0,0,0,0,0
"2025-12-14",1,1,0,0,0,0,1,0,1,1,0,1
"2025-12-15",0,0,0,0,0,0,0,0,0,0,0,0
"2025-12-16",2,1,0,0,0,0,2,0,2,1,0,1
"2025-12-17",2,2,0,0,4,2,1,7,8,1,3,4
"2025-12-18",8,5,0,0,2,2,8,2,10,5,2,7
"2025-12-19",3,2,0,0,0,0,1,2,3,1,1,2
"2025-12-20",0,0,0,0,0,0,0,0,0,0,0,0
"2025-12-21",0,0,0,0,0,0,0,0,0,0,0,0
"2025-12-22",8,2,0,0,0,0,8,0,8,2,0,2
"2025-12-23",0,0,0,0,0,0,0,0,0,0,0,0
"2025-12-24",0,0,0,0,0,0,0,0,0,0,0,0
"2025-12-25",0,0,0,0,0,0,0,0,0,0,0,0
"2025-12-26",1,1,0,0,0,0,1,0,1,1,0,1
"2025-12-27",0,0,0,0,0,0,0,0,0,0,0,0
"2025-12-28",0,0,0,0,0,0,0,0,0,0,0,0
"2025-12-29",0,0,0,0,0,0,0,0,0,0,0,0
"2025-12-30",0,0,0,0,0,0,0,0,0,0,0,0
"2025-12-31",0,0,0,0,0,0,0,0,0,0,0,0
"2026-01-01",0,0,0,0,0,0,0,0,0,0,0,0
"2026-01-02",0,0,0,0,0,0,0,0,0,0,0,0
"2026-01-03",0,0,0,0,0,0,0,0,0,0,0,0
"2026-01-04",0,0,0,0,0,0,0,0,0,0,0,0
"2026-01-05",1,1,0,0,0,0,1,0,1,1,0,1
"2026-01-06",14,3,0,0,3,2,10,9,19,1,2,3
"2026-01-07",1,1,0,0,0,0,1,0,1,1,0,1
"2026-01-08",0,0,0,0,0,0,0,0,0,0,0,0
"2026-01-09",8,2,0,0,0,0,8,1,9,1,1,2
"2026-01-10",2,2,0,0,0,0,1,1,2,1,1,2
"2026-01-11",0,0,0,0,0,0,0,0,0,0,0,0
"2026-01-12",3,1,0,0,0,0,0,3,3,0,1,1
"2026-01-13",11,3,0,0,1,1,11,1,12,3,1,4
"2026-01-14",1,1,0,0,0,0,1,1,2,1,1,2
"2026-01-15",4,3,0,0,1,1,5,0,5,3,0,3
"2026-01-16",1,1,0,0,0,0,0,1,1,0,1,1
"2026-01-17",3,3,0,0,0,0,2,1,3,2,1,3
"2026-01-18",4,3,0,0,0,0,2,4,6,2,1,3
"2026-01-19",4,2,0,0,0,0,4,0,4,2,0,2
"2026-01-20",0,0,0,0,0,0,0,0,0,0,0,0
"2026-01-21",12,4,0,0,1,1,12,4,16,3,1,4
"2026-01-22",11,5,0,0,0,0,12,0,12,5,0,5
"2026-01-23",0,0,0,0,0,0,0,0,0,0,0,0
"2026-01-24",2,2,0,0,0,0,2,1,3,1,1,2
"2026-01-25",5,2,0,0,0,0,3,2,5,1,1,2
"2026-01-26",3,3,0,0,1,1,2,2,4,2,2,4
"2026-01-27",9,4,0,0,0,0,11,0,11,4,0,4
"2026-01-28",2,1,0,0,1,1,2,3,5,1,1,2
"2026-01-29",1,1,0,0,0,0,1,0,1,1,0,1
"2026-01-30",0,0,0,0,0,0,0,1,1,0,1,1
"2026-01-31",0,0,0,0,0,0,0,0,0,0,0,0
"2026-02-01",1,1,0,0,0,0,0,1,1,0,1,1
"2026-02-02",2,2,0,0,0,0,1,1,2,1,1,2
"2026-02-03",1,1,0,0,0,0,1,1,2,1,1,2
"2026-02-04",7,4,0,0,0,0,6,4,10,3,1,4
"2026-02-05",1,1,0,0,0,0,0,1,1,0,1,1
"2026-02-06",5,3,0,0,0,0,3,4,7,1,2,3
"2026-02-07",1,1,0,0,0,0,0,1,1,0,1,1
"2026-02-08",0,0,0,0,0,0,0,0,0,0,0,0
"2026-02-09",2,2,0,0,0,0,0,2,2,0,2,2
"2026-02-10",1,1,0,0,1,1,1,1,2,1,1,2
"2026-02-11",3,3,0,0,0,0,1,3,4,1,2,3
"2026-02-12",0,0,0,0,0,0,0,2,2,0,1,1
"2026-02-13",0,0,0,0,0,0,0,0,0,0,0,0
"2026-02-14",1,1,0,0,0,0,1,0,1,1,0,1
"2026-02-15",0,0,0,0,0,0,0,0,0,0,0,0
"2026-02-16",12,8,0,0,2,1,11,10,21,4,4,8
"2026-02-17",7,5,0,0,0,0,11,0,11,5,0,5
"2026-02-18",2,2,0,0,0,0,0,5,5,0,4,4
"2026-02-19",2,2,0,0,0,0,3,0,3,2,0,2
"2026-02-20",6,3,0,0,0,0,6,0,6,3,0,3
"2026-02-21",8,1,0,0,0,0,8,0,8,1,0,1
"2026-02-22",0,0,0,0,0,0,0,0,0,0,0,0
"2026-02-23",10,6,0,0,2,2,9,6,15,5,3,8
"2026-02-24",2,2,0,0,1,1,1,2,3,1,1,2
"2026-02-25",0,0,0,0,1,1,0,6,6,0,2,2
"2026-02-26",3,2,0,0,0,0,1,4,5,1,2,3
"2026-02-27",13,3,0,0,0,0,13,0,13,3,0,3
"2026-02-28",0,0,0,0,0,0,0,0,0,0,0,0
"2026-03-01",1,1,0,0,0,0,1,0,1,1,0,1
"2026-03-02",5,5,0,0,2,2,4,7,11,4,3,7
"2026-03-03",4,3,0,0,0,0,4,1,5,2,1,3
"2026-03-04",2,2,0,0,0,0,1,3,4,1,2,3
"2026-03-05",8,2,0,0,0,0,9,0,9,2,0,2
"2026-03-06",1,1,0,0,0,0,1,0,1,1,0,1
"2026-03-07",0,0,0,0,0,0,0,0,0,0,0,0
"2026-03-08",3,1,0,0,1,1,0,4,4,0,1,1
"2026-03-09",4,2,0,0,1,1,0,7,7,0,2,2
"2026-03-10",5,2,0,0,0,0,1,4,5,1,1,2
"2026-03-11",9,4,0,0,2,2,12,2,14,3,1,4
"2026-03-12",4,3,0,0,2,2,4,2,6,2,2,4
"2026-03-13",4,4,0,0,0,0,5,0,5,4,0,4
"2026-03-14",3,2,0,0,0,0,3,1,4,1,1,2
"2026-03-15",1,1,0,0,1,1,1,1,2,1,1,2
"2026-03-16",0,0,0,0,0,0,0,0,0,0,0,0
"2026-03-17",5,2,0,0,1,1,6,0,6,2,0,2
"2026-03-18",4,3,0,0,1,1,7,7,14,3,1,4
"2026-03-19",1,1,0,0,0,0,1,0,1,1,0,1
"2026-03-20",1,1,0,0,0,0,1,0,1,1,0,1
"2026-03-21",1,1,0,0,0,0,0,3,3,0,1,1
"2026-03-22",0,0,0,0,0,0,0,0,0,0,0,0
"2026-03-23",2,2,0,0,0,0,2,0,2,2,0,2
"2026-03-24",18,5,0,0,1,1,16,3,19,3,2,5
"2026-03-25",6,3,0,0,1,1,5,2,7,2,2,4
"2026-03-26",2,2,0,0,0,0,2,1,3,1,1,2
"2026-03-27",3,3,0,0,0,0,1,4,5,1,3,4
"2026-03-28",2,1,0,0,2,1,0,5,5,0,2,2
"2026-03-29",0,0,0,0,0,0,0,0,0,0,0,0
"2026-03-30",9,4,0,0,0,0,8,3,11,3,2,5
"2026-03-31",6,5,0,0,1,1,7,1,8,4,1,5
"2026-04-01",1,1,0,0,0,0,0,1,1,0,1,1
"2026-04-02",12,4,0,0,0,0,13,4,17,3,1,4
"2026-04-03",0,0,0,0,0,0,0,1,1,0,1,1
"2026-04-04",6,3,0,0,0,0,1,5,6,1,2,3
"2026-04-05",0,0,0,0,0,0,0,2,2,0,1,1
"2026-04-06",0,0,0,0,0,0,0,0,0,0,0,0
"2026-04-07",9,4,0,0,1,1,10,1,11,4,1,5
"2026-04-08",1,1,0,0,0,0,1,1,2,1,1,2
"2026-04-09",2,1,0,0,0,0,0,2,2,0,1,1
"2026-04-10",2,2,0,0,0,0,2,0,2,2,0,2
"2026-04-11",0,0,0,0,0,0,0,0,0,0,0,0
"2026-04-12",0,0,0,0,0,0,0,0,0,0,0,0
"2026-04-13",13,7,0,0,0,0,14,0,14,7,0,7
"2026-04-14",3,3,0,0,0,0,2,1,3,2,1,3
"2026-04-15",1,1,0,0,0,0,0,3,3,0,1,1
"2026-04-16",3,3,0,0,0,0,2,1,3,2,1,3
"2026-04-17",3,2,0,0,0,0,3,0,3,2,0,2
"2026-04-18",0,0,0,0,0,0,0,0,0,0,0,0
"2026-04-19",9,1,0,0,0,0,9,0,9,1,0,1
"2026-04-20",0,0,0,0,0,0,0,0,0,0,0,0
"2026-04-21",21,8,0,0,0,0,10,12,22,3,5,8
"2026-04-22",2,2,0,0,0,0,1,1,2,1,1,2
"2026-04-23",1,1,0,0,0,0,2,0,2,1,0,1
"2026-04-24",6,2,0,0,0,0,7,1,8,1,1,2
"2026-04-25",1,1,0,0,1,1,0,4,4,0,1,1
"2026-04-26",0,0,0,0,0,0,0,0,0,0,0,0
"2026-04-27",25,6,0,0,1,1,10,16,26,4,3,7
"2026-04-28",18,16,0,0,2,2,10,10,20,8,9,17
"2026-04-29",6,4,0,0,3,2,1,11,12,1,3,4
"2026-04-30",7,3,0,0,0,0,1,6,7,1,2,3
"2026-05-01",1,1,0,0,0,0,0,1,1,0,1,1
"2026-05-02",0,0,0,0,0,0,0,1,1,0,1,1
"2026-05-03",3,1,0,0,1,1,0,7,7,0,1,1
"2026-05-04",1,1,0,0,0,0,1,0,1,1,0,1
"2026-05-05",5,1,0,0,0,0,5,2,7,1,1,2
"2026-05-06",1,1,0,0,0,0,1,0,1,1,0,1
"2026-05-07",11,2,0,0,0,0,11,0,11,2,0,2
"2026-05-08",4,2,0,0,0,0,3,3,6,1,1,2
"2026-05-09",0,0,0,0,0,0,0,1,1,0,1,1
"2026-05-10",3,2,0,0,0,0,3,0,3,2,0,2
"2026-05-11",3,3,0,0,0,0,3,0,3,3,0,3
"2026-05-12",2,1,0,0,4,1,0,9,9,0,1,1
"2026-05-13",9,4,0,0,0,0,7,2,9,2,2,4
"2026-05-14",0,0,0,0,0,0,0,0,0,0,0,0
"2026-05-15",0,0,0,0,0,0,0,0,0,0,0,0
"2026-05-16",1,1,0,0,0,0,0,1,1,0,1,1
"2026-05-17",1,1,0,0,0,0,1,0,1,1,0,1
"2026-05-18",3,2,0,0,0,0,1,4,5,1,2,3
"2026-05-19",0,0,0,0,0,0,0,0,0,0,0,0
"2026-05-20",0,0,0,0,1,1,0,1,1,0,1,1
"2026-05-21",4,2,0,0,0,0,4,0,4,2,0,2
"2026-05-22",9,1,0,0,0,0,12,0,12,1,0,1
"2026-05-23",0,0,0,0,0,0,0,0,0,0,0,0
"2026-05-24",0,0,0,0,0,0,0,0,0,0,0,0
"2026-05-25",6,4,0,0,0,0,7,4,11,4,2,6
