degree,type,b_m_student,start_date,end_date,year,status,eth_department,partner_organisation,thesis_title,data_publication_link,eth_collection_link
bsc,thesis,yes,NA,2021-06-30,NA,archived,MAVT,NA,Self-cleaning Preliminary Screening Mechanisms to Improve Health and Wastewater Treatment Efficiency in Low-income Countries,,https://www.research-collection.ethz.ch/handle/20.500.11850/500152
msc,thesis,yes,NA,2022-03-20,NA,archived,NA,Deutsche Universität für Verwaltungswissenschaften Speyer,Barriers to successful data management in the Global South: Case Study of Malawi,,NA
phd,thesis,no,NA,NA,NA,in-progress,MAVT,NA,Extent and markers of open waste burning,,NA
msc,sem-proj,yes,NA,2022-04-10,NA,archived,MAVT,Sandec,Energy production of Black Soldier Fly larvae: measuring the temperature increase in air induced by Black Soldier Flies throughout their larval stages,,https://www.research-collection.ethz.ch/handle/20.500.11850/583323
phd,thesis,no,NA,2022-08-30,NA,archived,MAVT,NA,How biogas failed to light up a continent: why the most promising technology never spread across Africa,,NA
phd,thesis,no,NA,2025-03-03,NA,archived,MAVT,WASTE Malawi,Evaluating a case of closed-loop plastic recycling in Malawi,,NA
bsc,thesis,yes,NA,2022-07-04,NA,archived,MAVT,WASTE Malawi,Low-cost compost screening technology to improve trash separation,,https://www.research-collection.ethz.ch/handle/20.500.11850/585004
bsc,thesis,yes,NA,2022-09-30,NA,archived,MAVT,AeT,"Feasibility of waste maize husk valorization as a plastic plate replacement in Durban, South Africa",,https://www.research-collection.ethz.ch/handle/20.500.11850/582371
bsc,thesis,yes,NA,2022-07-01,NA,archived,MAVT,AeT,"The development of a recycled plastic wheel for cardboard collector trollies - improving the working conditions of informal cardboard recyclers in Durban, South Africa",,https://www.research-collection.ethz.ch/handle/20.500.11850/586416
msc,thesis,yes,NA,2022-10-01,NA,archived,BAUG,KNUST,"Suitability of the modified Bardenpho process for faecal sludge treatment in Kumasi, Ghana",,https://www.research-collection.ethz.ch/handle/20.500.11850/626839
msc,sem-proj,yes,NA,2022-05-18,NA,archived,MAVT,NA,The state of open research data publishing practices and policies in the fields of global health engineering,,NA
msc,sem-proj,yes,NA,2022-09-19,NA,archived,MAVT,Opero,Design and validation of a thermal disinfection unit for wastewater using biogas in humanitarian crisis situations,,https://www.research-collection.ethz.ch/handle/20.500.11850/603416
msc,thesis,yes,NA,2022-09-16,NA,archived,BAUG,Opero,Effect of fruit and vegetable waste in anaerobic digestion using faecal sludge as primary feedstock,,https://www.research-collection.ethz.ch/handle/20.500.11850/587768
msc,thesis,yes,NA,2022-10-30,NA,archived,NA,Sanergy,Statistical Modeling of SDG 6 Global Estimates,,NA
msc,sem-proj,yes,NA,2022-08-12,NA,archived,MAVT,NA,Investigating the optimization potential of brick clamps in Malawi - thermal efficiency analysis and perspectives of brickmakers,,https://www.research-collection.ethz.ch/handle/20.500.11850/580955
msc,sem-proj,yes,NA,2022-12-31,NA,archived,HEST,Green Corridors,"Examination of non-recycled marine plastic litter in order to identify recycling and beneficiation pathways in Durban, South Africa",,NA
msc,thesis,yes,NA,2022-12-31,NA,archived,MAVT,Green Corridors,"Evaluating the potential Extended Producer Responsibility returns for plastic-packaging riverine waste in Durban, South Africa",,https://doi.org/10.3929/ethz-b-000725312
bsc,thesis,yes,NA,2022-12-31,NA,archived,MAVT,AeT,"Improving market wash stations through creative and contextual design in Durban, South Africa",,https://www.research-collection.ethz.ch/handle/20.500.11850/603034
msc,sem-proj,yes,NA,2023-01-13,NA,archived,MAVT,Sandec/Eawag,Designing a small-scale screw press for blackwater dewatering,,https://www.research-collection.ethz.ch/handle/20.500.11850/595559
msc,sem-proj,yes,NA,2023-04-16,NA,archived,MAVT,Opero,Humanitarian Sanitation Solution: Design and validation of a thermal disinfection unit for wastewater using biogas for humanitarian crisis situations,,https://www.research-collection.ethz.ch/handle/20.500.11850/619207
msc,sem-proj,yes,NA,2022-10-31,NA,archived,MEST,WASTE Malawi,"Optimization of solid waste collections in Blantyre, Malawi",,https://www.research-collection.ethz.ch/handle/20.500.11850/605681
msc,thesis,yes,NA,2023-06-07,NA,archived,MAVT,NA,Thermal analysis and optimization potential of clamp kilns for fired clay brick production,,https://www.research-collection.ethz.ch/handle/20.500.11850/666850
msc,sem-proj,yes,NA,2022-12-31,NA,archived,MEST,NA,"“I have just accepted it”: Hierarchies of Power and Healthcare Waste Management Practices in Blantyre, Malawi",,https://www.research-collection.ethz.ch/handle/20.500.11850/598010
msc,sem-proj,yes,NA,2022-12-31,NA,archived,MAVT,Green Corridors/ Kimberly Clark,Bin it - design of an AHP waste collection model for informal settlements in South Africa,,https://www.research-collection.ethz.ch/handle/20.500.11850/594375
msc,thesis,yes,NA,2023-04-30,NA,archived,NA,MUBAS,"Factors affecting the extent and impact of waste burning in Blantyre, Malawi",,NA
msc,sem-proj,yes,NA,2023-09-21,NA,archived,MAVT,NA,Tertiary education research: data collection on top universities of african countries,,NA
staff,intern,no,NA,2023-03-01,NA,archived,BAUG,MUBAS,A sustainable alternative to traditional building materials: assessing stabilised soil blocks for performance and cost in Malawi,,NA
msc,thesis,yes,NA,2023-08-31,NA,archived,MAVT,EAWAG,Remote Monitoring System for the WaterWall,,NA
msc,thesis,yes,NA,2024-08-12,NA,archived,ARCH,NA,Absorbent Hygiene Products (AHP) Waste Characterization and Collections Rationalization in South Africa,,NA
bsc,thesis,yes,NA,2024-01-19,NA,archived,MAVT,ERZ,Evaluation of the waste management system at the Züri Fäscht,,https://www.research-collection.ethz.ch/handle/20.500.11850/654001
msc,sem-proj,yes,NA,2023-06-09,NA,archived,MAVT,AeT,"Urine Collection Trolley for Informal Markets in Durban, South Africa",,https://www.research-collection.ethz.ch/handle/20.500.11850/619021
msc,thesis,yes,NA,2023-01-03,NA,archived,MAVT,ERZ,Detection of Contamination in Biowaste,,https://www.research-collection.ethz.ch/handle/20.500.11850/650492
msc,thesis,yes,NA,2024-01-15,NA,archived,MAVT,NA,"Design of an HDPE bottle collection and pre-cleaning system for recycling in Blantyre, Malawi",,https://www.research-collection.ethz.ch/handle/20.500.11850/658745
msc,thesis,yes,NA,2024-10-30,NA,archived,MAVT,ERZ,Tipping aid for loading small trucks on waste collection tours,,https://www.research-collection.ethz.ch/handle/20.500.11850/646138
msc,thesis,yes,NA,2024-01-03,NA,archived,MAVT,EAWAG,Optimization of Calcium Hydroxide and Calcium Phosphate flows in the Autarky Nutrient Harvester,,NA
staff,scientific-assistant,no,NA,NA,NA,archived,NA,NA,NA,,NA
msc,thesis,yes,NA,2023-06-01,NA,archived,MAVT,AKYAS,withdrawn,,NA
staff,intern,no,NA,2023-09-15,NA,archived,NA,NA,NA,,NA
bsc,thesis,yes,NA,2024-02-04,NA,archived,MAVT,NA,Experimental Optimization of a Peristaltic Pump Design for Pit-Emptying,,https://www.research-collection.ethz.ch/handle/20.500.11850/662241
bsc,thesis,yes,NA,2023-11-27,NA,archived,MAVT,EAWAG,Designing a manual press for blackwater dewatering,,https://www.research-collection.ethz.ch/handle/20.500.11850/653369
bsc,thesis,yes,NA,2024-02-16,NA,archived,MAVT,NA,Microcontroller Based Particulate Matter Monitors Utilising the Alphasense OPC-N3,,https://www.research-collection.ethz.ch/handle/20.500.11850/681057
msc,thesis,yes,NA,2024-04-22,NA,archived,MAVT,NA,"Construction of a Glass Crusher and Evaluation of Waste Valorization Pathways for Cape Maclear, Malawi",,https://www.research-collection.ethz.ch/handle/20.500.11850/670971
msc,thesis,yes,NA,2024-04-29,NA,archived,MAVT,NA,"Development of a Low-Cost Incinerator in Cape Maclear, Malawi",,https://www.research-collection.ethz.ch/handle/20.500.11850/670633
msc,thesis,yes,NA,2024-05-26,NA,archived,MAVT,ERZ,Improving Ergonomics and Communication for the Sewer Workers of Zürich,,NA
msc,sem-proj,yes,NA,2024-02-01,NA,archived,HEST,NA,"Particulate Matter, Health and Spaces of Risk within African Urban Areas: A Narrative Review of Literature",,NA
msc,sem-proj,yes,NA,2024-02-01,NA,archived,HEST,NA,Informal Waste Pickers and Non-Motorised Transport: A Narrative Review of Literature,,NA
staff,post-doc,no,NA,NA,NA,in-progress,MAVT,NA,NA,,NA
msc,thesis,yes,NA,2024-03-14,NA,archived,MAVT,NA,The Establishment of an Absorbent Hygiene Product Waste Collection System in Two Informal Settlements in South Africa,,https://www.research-collection.ethz.ch/handle/20.500.11850/668151
msc,thesis,yes,NA,2024-04-02,NA,archived,MTECH,NA,"Willingness to Pay and Economic Feasibility for Waste Collection in Chembe, Malawi",,https://www.research-collection.ethz.ch/handle/20.500.11850/670969
msc,thesis,yes,NA,2024-04-02,NA,archived,USYS,NA,"Waste Characterisation and Quantification in Chembe, Malawi",,https://www.research-collection.ethz.ch/handle/20.500.11850/671026
msc,thesis,yes,NA,2024-04-02,NA,archived,BAUG,NA,"Waste Logistics and Transport Modelling in Cape Maclear, Malawi",,https://www.research-collection.ethz.ch/handle/20.500.11850/670970
msc,thesis,yes,NA,2024-04-15,NA,archived,GESS,STPH,Impact of a Social Transfer Intervention on Barriers to Exclusive Breastfeeding in Lao PDR,,NA
staff,intern,no,NA,2024-02-01,NA,archived,INFK,NA,NA,,NA
staff,intern,no,NA,2024-04-15,NA,archived,ITET,NA,NA,,NA
bsc,thesis,yes,NA,2024-06-22,NA,archived,MAVT,NA,"Off-Grid Trash Screen Design for a Fecal Sludge Treatment Plant in Blantyre, Malawi",,https://www.research-collection.ethz.ch/handle/20.500.11850/686944
msc,sem-proj,yes,NA,2024-05-31,NA,archived,MAVT,ERZ,Adapting open-source turbidity sensor for enhanced dewatering of blackwater,,https://doi.org/10.3929/ethz-b-000727145
bsc,thesis,yes,NA,2024-05-31,NA,archived,MAVT,NA,"Optimization of waste skip placement in Blantyre, Malawi",,https://www.research-collection.ethz.ch/handle/20.500.11850/694404
msc,thesis,yes,NA,2025-01-24,NA,archived,NA,TU Delft,Machine vision for river waste identification in South Africa,,NA
bsc,thesis,yes,NA,2024-07-15,NA,archived,MAVT,NA,Hand Compactor Design for Informal Cardboard Recycling,,NA
msc,sem-proj,yes,NA,2024-06-15,NA,archived,MAVT,NA,Guidelines for Low-Cost Incineration Systems,,https://www.research-collection.ethz.ch/handle/20.500.11850/683821
staff,intern,no,NA,2024-07-01,NA,archived,INFK,NA,NA,,NA
bsc,thesis,yes,NA,2024-06-17,NA,archived,USYS,NA,"Innovative Mask Design for Air Pollution Impact Mitigation in Blantyre, Malawi: A Particle Size Distribution Approach",,NA
bsc,thesis,yes,NA,2024-06-19,NA,archived,MAVT,NA,Development of a Monitoring Device for Improved Cookstoves,,https://www.research-collection.ethz.ch/handle/20.500.11850/685919
bsc,thesis,yes,NA,2024-06-19,NA,archived,MAVT,NA,Developing a Methane Sensor for Biogas reactors in Malawi,,NA
msc,sem-proj,yes,NA,2024-07-02,NA,archived,MAVT,NA,Testing the accuracy of the smart biogas measurement device,,NA
msc,sem-proj,yes,NA,2024-06-30,NA,archived,MAVT,NA,Volumetric flow meter development for household scale biogas reactors,,https://www.research-collection.ethz.ch/handle/20.500.11850/736181
msc,sem-proj,yes,NA,2024-06-16,NA,archived,MAVT,NA,Logging and transmitting remote data from cookstove and biogas sensors in Malawi,,NA
msc,thesis,yes,NA,2024-09-23,NA,archived,MAVT,NA,"Establishing the HDPE recycling process in Blantyre, Malawi",,https://doi.org/10.3929/ethz-b-000726504
msc,thesis,yes,NA,2024-10-01,NA,archived,MEST,NA,Sludge pasteurization with solar water heaters,,https://doi.org/10.3929/ethz-b-000700054
msc,thesis,yes,NA,2025-09-30,NA,archived,MAVT,Openversum,Advancing Sustainable Water Filtration: Enhancing Efficiency and Exploring New Adaptations,,NA
bsc,thesis,yes,NA,2024-08-01,NA,archived,MAVT,NA,Design of a Biogas powered effluent pasteurizer,,https://www.research-collection.ethz.ch/handle/20.500.11850/700639
msc,thesis,yes,NA,2024-11-06,NA,archived,MAVT,Eawag,Modelling and Optimization of an Evaportator-dehumidifier unit,,NA
msc,thesis,yes,NA,2024-11-01,NA,archived,HEST,NA,Exploratory analysis of the booking system in Kampala,,NA
msc,sem-proj,yes,NA,2024-06-07,NA,archived,MAVT,Eawag,Design optimisation of a mixing reactor for close to source urine stabilisation,,NA
phd,thesis,no,NA,NA,NA,in-progress,NA,NA,Potential for faecal sludge treatment with mycellium,,NA
staff,hiwi,no,NA,2024-12-31,NA,archived,ITET,NA,NA,,NA
staff,hiwi,no,NA,2024-09-30,NA,archived,MAVT,NA,NA,,NA
staff,scientific-assistant,no,NA,2024-10-31,NA,archived,MAVT,NA,NA,,NA
msc,sem-proj,yes,NA,2024-09-30,NA,archived,MAVT,NA,"Casing design, manufacturing and testing for in-situ biogas monitoring",,NA
msc,thesis,yes,NA,2025-03-31,NA,archived,MAVT,NA,Testing and Improving Plastic Wool Extrusion System,,NA
msc,thesis,yes,NA,2025-05-04,NA,archived,MAVT,NA,Biogas sensor development: from prototyping to production,,NA
bsc,thesis,yes,NA,2025-03-11,NA,archived,MAVT,NA,Exploring Injection Molding for the Development of a Sensor Casings in Biogas Monitoring System,,https://www.research-collection.ethz.ch/handle/20.500.11850/726145
msc,thesis,yes,NA,2025-04-24,NA,archived,MAVT,NA,Improving the solar sludge pasteurization technology,,NA
msc,thesis,yes,NA,2024-04-14,NA,archived,MAVT,NA,"Air quality monitoring from open waste burning and incinerator burning in Cape Maclear, Malawi",,NA
msc,thesis,yes,NA,2025-05-02,NA,archived,USYS,"Patt Anthony, ERZ",Model and visualization of recyclable material collection network,,NA
msc,sem-proj,yes,NA,2024-12-13,NA,archived,MAVT,NA,Examination of the potential for recycling of absorbent hygiene product waste in South Africa,,NA
msc,sem-proj,yes,NA,2024-12-04,NA,archived,MAVT,NA,Life Cycle Analysis of biogas digesters,,NA
msc,thesis,yes,NA,NA,NA,in-progress,USYS,Johanna Jacobi,Drip irrigation feasibility study for Cape Maclear,,NA
msc,sem-proj,yes,NA,2025-03-11,NA,archived,MAVT,NA,Literature Review on Feasibility of Manufacturing Low-cost Black Carbon Monitors,,https://www.research-collection.ethz.ch/handle/20.500.11850/726792
bsc,thesis,yes,NA,2025-03-11,NA,archived,MAVT,NA,Monitoring of improved cookstoves: from prototyping to small batch manufacturing,,NA
bsc,thesis,yes,NA,2025-01-20,NA,archived,MAVT,NA,Effluent flow meter,,https://www.research-collection.ethz.ch/handle/20.500.11850/721056
msc,thesis,yes,NA,2025-03-07,NA,archived,MAVT,NA,"Collaborative toilet design, manufacturing, and testing",,NA
msc,thesis,yes,NA,2025-05-12,NA,archived,GESS,ISTP,Estimating uncertainty in past biogas offsett projects and methodologies,,NA
msc,sem-proj,yes,NA,2024-10-22,NA,archived,MAVT,Openversum,Analysis of PLA-based Membranes Undergoing Mechanical Processing,,NA
msc,thesis,yes,NA,2025-04-28,NA,archived,MAVT,Openversum,Feasibility Study of Modular Water Filters,,NA
msc,sem-proj,yes,NA,2025-01-10,NA,archived,MAVT,NA,Impact of Hydrogen Sulfide on Biogas Burning and Removal Evaluation,,NA
staff,hiwi,no,NA,2025-01-05,NA,archived,MEST,NA,NA,,NA
msc,case-study,yes,NA,NA,NA,archived,GESS,NA,The role of language and its implications on extending colonialism and hindering cross-cultural cooperation.,,NA
msc,thesis,yes,NA,2025-07-21,NA,archived,ITET,NA,Development and Testing of a Bidirectional Charger for Heath Facility Energy Provision,,NA
msc,thesis,yes,NA,NA,NA,archived,ITET,NA,Development of a preference elicitation framework for health providers’ energy preferences and finding optimal critical load sets,,NA
msc,thesis,yes,NA,NA,NA,archived,MAVT,ERZ,Development of a Low-Cost Multiple-Wavelength Black Carbon Monitor,,NA
bsc,thesis,yes,NA,NA,NA,archived,MAVT,NA,Repeatible Fecal Sludge Spreading on Petri Dishes,,NA
bsc,thesis,yes,NA,NA,NA,archived,MAVT,NA,Advancements for Menstrual blood Management in reduced gravITY (AMMITY),,NA
msc,sem-proj,yes,NA,2025-04-04,NA,archived,MAVT,NA,Review of Low-cost Plastic Separation Technologies,,NA
msc,sem-proj,yes,NA,2025-03-23,NA,archived,MAVT,NA,CFD for biogas burner,,NA
msc,thesis,yes,NA,NA,NA,archived,MAVT,NA,"So Long, Sharp Glass",,NA
msc,thesis,yes,NA,NA,NA,archived,MAVT,NA,Development and Testing of New Control Schemes for an Electrical Load Cabinet for Small Health Posts,,NA
msc,thesis,yes,NA,NA,NA,archived,MAVT,NA,Remote communications infrastructure for an off-grid energy system,,NA
msc,thesis,yes,NA,2025-03-20,NA,archived,USYS,NA,Business Plan Development for Waste Management System in Cape Maclear,,NA
bsc,thesis,yes,NA,NA,NA,archived,MAVT,NA,Flow rate monitor for pediatric intravenous fluid delivery in humanitarian settings,,NA
mob,student,no,NA,2025-05-23,NA,archived,MAVT,MIT,Guidline to Injection Molding,,NA
msc,sem-proj,yes,NA,2025-05-16,NA,archived,MAVT,NA,Smart biogas sensor testing,,NA
staff,intern,no,NA,2025-08-31,NA,archived,MAVT,NA,NA,,NA
staff,scientific-assistant,no,NA,2025-11-15,NA,archived,MAVT,NA,NA,,NA
bsc,thesis,yes,NA,NA,NA,archived,MAVT,NA,RFID solution for e-bike charging in Nairobi,,NA
msc,thesis,yes,NA,NA,NA,archived,MAVT,ERZ,Black soldier fly larvae counting: hardware & software development,,NA
msc,thesis,yes,NA,NA,NA,archived,MAVT,NA,Dataset Creation on the Energy Characteristics of Healthcare Appointments,,NA
staff,intern,no,NA,2025-05-10,NA,archived,INFK,NA,Software development for remote sensors and data logging to cloud,,NA
msc,thesis,yes,NA,NA,NA,archived,MAVT,NA,Sludge pasteurization with solar water heaters - system optimization,,NA
msc,case-study,yes,NA,NA,NA,archived,GESS,NA,Indigenous food production in Puerto Rico,,NA
msc,thesis,yes,NA,NA,NA,archived,MAVT,NA,"Design, Numerical Optimization and Implementation of a Sludge Pasteurization System",,NA
msc,thesis,yes,NA,NA,NA,in-progress,BAUG,NA,Cleaning Plastic for Recycling,,NA
phd,thesis,no,NA,NA,NA,in-progress,NA,NA,Treatment of Biogas effluent,,NA
staff,scientific-assistant,no,NA,NA,NA,in-progress,NA,NA,NA,,NA
msc,sem-proj,yes,NA,2025-05-30,NA,archived,MAVT,NA,Life Cycle Assessment of the biogas monitoring technologies,,NA
msc,thesis,yes,NA,NA,NA,in-progress,MAVT,NA,Plastic sorting in Blantyre,,NA
staff,scientific-assistant,no,NA,NA,NA,in-progress,MAVT,NA,NA,,NA
msc,thesis,yes,NA,NA,NA,in-progress,MAVT,NA,Medical device database for Malawi’s healthcare facilities,,NA
msc,thesis,yes,NA,NA,NA,in-progress,MAVT,NA,Power quality and reliability database of Malawi’s healthcare facilities,,NA
staff,scientific-assistant,no,NA,NA,NA,in-progress,NA,NA,NA,,NA
staff,scientific-assistant,no,NA,2025-07-31,NA,archived,ITET,NA,NA,,NA
msc,thesis,yes,NA,2026-01-30,NA,in-progress,MAVT,NA,Gas and liquid flow measurements and control with ultrasound,,NA
staff,scientific-assistant,no,NA,2026-02-28,NA,in-progress,NA,NA,NA,,NA
bsc,thesis,yes,NA,2026-01-15,NA,in-progress,MAVT,NA,Automatic Paper Tape Feeder for Open Source Black Carbon Monitoring,,NA
bsc,thesis,yes,NA,2026-02-27,NA,in-progress,MAVT,NA,IV drip monitor v2,,NA
bsc,thesis,yes,NA,2026-01-15,NA,in-progress,MAVT,NA,Tool for siphon pipe removal in sewers,,NA
bsc,thesis,yes,NA,NA,NA,in-progress,MAVT,NA,Precision seeder and fertilizer dispenser (post-PDED),,NA
bsc,thesis,yes,NA,2026-02-28,NA,in-progress,MAVT,NA,Multichambered Toilet System,,NA
bsc,thesis,yes,NA,2026-01-09,NA,in-progress,MAVT,NA,Estimating errors of biogas carbon offsetting calculations from different methodologies,,NA
bsc,thesis,yes,NA,2026-01-12,NA,in-progress,MAVT,NA,Handwashing device for low-ressoruce settings,,NA
msc,sem-proj,yes,NA,2025-12-15,NA,in-progress,MAVT,NA,Water Vapor Extraction,,NA
msc,sem-proj,yes,NA,2026-02-01,NA,in-progress,MAVT,NA,"Design, Construction, and Testing of a Solar Thermal Concentrator for Biogas Effluent Pasteurization",,NA
msc,sem-proj,yes,NA,2026-01-15,NA,in-progress,MAVT,NA,Menstrual cup for space applications - silicon manufacturing,,NA
msc,sem-proj,yes,NA,NA,NA,in-progress,MAVT,diaxxo,"Development of a high-precision, high-throughput reagent dispensing system compatible with a rapid PCR testing machine",,NA
msc,thesis,yes,NA,2026-03-31,NA,in-progress,ITET,NA,Development of a control system for solar pasteurization system,,NA
msc,thesis,yes,NA,2026-04-10,NA,in-progress,MAVT,NA,"Waste Logistics in Cape Maclear, Malawi",,NA
bsc,thesis,yes,NA,NA,NA,in-progress,MAVT,NA,Automated Data Cleaning Tool,,NA
msc,sem-proj,yes,NA,NA,NA,in-progress,MAVT,NA,Testing and improving the open-source plastic scanner,,NA
msc,thesis,yes,NA,2026-04-15,NA,in-progress,MAVT,NA,Biogas-powered pasteurizer construction in Mzuzu,,NA
msc,sem-proj,yes,NA,2026-06-01,NA,in-progress,MAVT,NA,Incinerator operation in Blantyre,,NA
bsc,thesis,yes,NA,2025-12-31,NA,in-progress,MAVT,NA,Precision seeder and fertilizer dispenser (post-PDED),,NA
msc,sem-proj,yes,NA,2026-01-13,NA,in-progress,MAVT,Openversum,Water Filter Configuration,,NA
msc,thesis,yes,NA,NA,NA,in-progress,MAVT,NA,Pay to Go Charger for eWAKA,,NA
msc,thesis,yes,NA,NA,NA,in-progress,GESS,NA,Water point rehabilitation in Cape Maclear,,NA
msc,thesis,yes,NA,NA,NA,in-progress,MAVT,Imperial College of London,Biogas-powered gas turbine for electricity generation,,NA
msc,sem-proj,yes,NA,NA,NA,in-progress,MAVT,NA,Tipping bucket V2,,NA
msc,sem-proj,yes,NA,NA,NA,in-progress,MAVT,NA,Origami fencing,,NA
